[{"model": "admin.logentry", "pk": 1, "fields": {"action_time": "2021-06-15T14:54:25.845Z", "user": 1, "content_type": 32, "object_id": "1", "object_repr": "akrah", "action_flag": 3, "change_message": ""}}, {"model": "admin.logentry", "pk": 2, "fields": {"action_time": "2021-06-15T16:16:36.407Z", "user": 1, "content_type": 26, "object_id": "1", "object_repr": "GraphQL", "action_flag": 1, "change_message": "[{\"added\": {}}]"}}, {"model": "admin.logentry", "pk": 3, "fields": {"action_time": "2021-06-15T16:16:47.337Z", "user": 1, "content_type": 26, "object_id": "2", "object_repr": "Javascript", "action_flag": 1, "change_message": "[{\"added\": {}}]"}}, {"model": "admin.logentry", "pk": 4, "fields": {"action_time": "2021-06-15T16:16:53.698Z", "user": 1, "content_type": 26, "object_id": "3", "object_repr": "Python", "action_flag": 1, "change_message": "[{\"added\": {}}]"}}, {"model": "admin.logentry", "pk": 5, "fields": {"action_time": "2021-06-15T16:17:01.053Z", "user": 1, "content_type": 26, "object_id": "4", "object_repr": "Machine Learning", "action_flag": 1, "change_message": "[{\"added\": {}}]"}}, {"model": "admin.logentry", "pk": 6, "fields": {"action_time": "2021-06-15T16:17:11.967Z", "user": 1, "content_type": 26, "object_id": "5", "object_repr": "React", "action_flag": 1, "change_message": "[{\"added\": {}}]"}}, {"model": "admin.logentry", "pk": 7, "fields": {"action_time": "2021-06-15T16:17:23.297Z", "user": 1, "content_type": 26, "object_id": "6", "object_repr": "Django", "action_flag": 1, "change_message": "[{\"added\": {}}]"}}, {"model": "admin.logentry", "pk": 8, "fields": {"action_time": "2021-06-15T16:50:42.818Z", "user": 1, "content_type": 18, "object_id": "1", "object_repr": "Advanced GraphQL", "action_flag": 2, "change_message": "[{\"changed\": {\"fields\": [\"Title\", \"Slug\"]}}]"}}, {"model": "admin.logentry", "pk": 9, "fields": {"action_time": "2021-06-15T17:40:14.080Z", "user": 1, "content_type": 18, "object_id": "1", "object_repr": "Advanced GraphQL", "action_flag": 2, "change_message": "[{\"changed\": {\"fields\": [\"State\"]}}]"}}, {"model": "admin.logentry", "pk": 10, "fields": {"action_time": "2021-06-15T17:40:26.839Z", "user": 1, "content_type": 18, "object_id": "2", "object_repr": "NodeJS Fundamentals", "action_flag": 2, "change_message": "[{\"changed\": {\"fields\": [\"State\"]}}]"}}, {"model": "admin.logentry", "pk": 11, "fields": {"action_time": "2021-06-16T17:46:19.272Z", "user": 1, "content_type": 18, "object_id": "1", "object_repr": "Advanced GraphQL", "action_flag": 2, "change_message": "[{\"changed\": {\"fields\": [\"Price\"]}}]"}}, {"model": "admin.logentry", "pk": 12, "fields": {"action_time": "2021-06-16T17:46:30.684Z", "user": 1, "content_type": 18, "object_id": "2", "object_repr": "NodeJS Fundamentals", "action_flag": 2, "change_message": "[{\"changed\": {\"fields\": [\"Price\"]}}]"}}, {"model": "admin.logentry", "pk": 13, "fields": {"action_time": "2021-06-16T17:46:38.730Z", "user": 1, "content_type": 18, "object_id": "3", "object_repr": "Python Internals", "action_flag": 2, "change_message": "[{\"changed\": {\"fields\": [\"Price\"]}}]"}}, {"model": "admin.logentry", "pk": 14, "fields": {"action_time": "2021-06-16T22:28:57.004Z", "user": 1, "content_type": 23, "object_id": "1", "object_repr": "akrahdan@gmail.com", "action_flag": 3, "change_message": ""}}, {"model": "admin.logentry", "pk": 15, "fields": {"action_time": "2021-06-16T22:32:25.919Z", "user": 1, "content_type": 23, "object_id": "2", "object_repr": "readingfo@gmail.com", "action_flag": 3, "change_message": ""}}, {"model": "admin.logentry", "pk": 16, "fields": {"action_time": "2021-06-16T22:51:57.831Z", "user": 1, "content_type": 23, "object_id": "3", "object_repr": "readingfo@gmail.com", "action_flag": 3, "change_message": ""}}, {"model": "admin.logentry", "pk": 17, "fields": {"action_time": "2021-06-16T23:02:25.505Z", "user": 1, "content_type": 23, "object_id": "4", "object_repr": "readingfo@gmail.com", "action_flag": 3, "change_message": ""}}, {"model": "admin.logentry", "pk": 18, "fields": {"action_time": "2021-06-16T23:39:35.526Z", "user": 1, "content_type": 23, "object_id": "5", "object_repr": "readingfo@gmail.com", "action_flag": 3, "change_message": ""}}, {"model": "admin.logentry", "pk": 19, "fields": {"action_time": "2021-06-17T20:25:02.893Z", "user": 1, "content_type": 31, "object_id": "1", "object_repr": "1", "action_flag": 3, "change_message": ""}}, {"model": "admin.logentry", "pk": 20, "fields": {"action_time": "2021-06-17T20:40:56.649Z", "user": 1, "content_type": 31, "object_id": "2", "object_repr": "2", "action_flag": 3, "change_message": ""}}, {"model": "admin.logentry", "pk": 21, "fields": {"action_time": "2021-06-18T20:51:43.118Z", "user": 1, "content_type": 23, "object_id": "6", "object_repr": "readingfo@gmail.com", "action_flag": 3, "change_message": ""}}, {"model": "admin.logentry", "pk": 22, "fields": {"action_time": "2021-06-21T16:33:04.802Z", "user": 1, "content_type": 11, "object_id": "1", "object_repr": "CodeFluent", "action_flag": 1, "change_message": "[{\"added\": {}}]"}}, {"model": "admin.logentry", "pk": 23, "fields": {"action_time": "2021-06-21T16:33:30.350Z", "user": 1, "content_type": 11, "object_id": "1", "object_repr": "CodeFluent", "action_flag": 2, "change_message": "[]"}}, {"model": "admin.logentry", "pk": 24, "fields": {"action_time": "2021-06-21T16:35:10.672Z", "user": 1, "content_type": 7, "object_id": "1", "object_repr": "codefluent.org", "action_flag": 2, "change_message": "[{\"changed\": {\"fields\": [\"Domain name\", \"Display name\"]}}]"}}, {"model": "admin.logentry", "pk": 25, "fields": {"action_time": "2021-06-21T17:33:46.272Z", "user": 1, "content_type": 11, "object_id": "1", "object_repr": "CodeFluent", "action_flag": 2, "change_message": "[{\"changed\": {\"fields\": [\"Client id\", \"Secret key\"]}}]"}}, {"model": "admin.logentry", "pk": 26, "fields": {"action_time": "2021-06-21T17:42:10.865Z", "user": 1, "content_type": 11, "object_id": "1", "object_repr": "CodeFluent", "action_flag": 2, "change_message": "[{\"changed\": {\"fields\": [\"Client id\", \"Secret key\"]}}]"}}, {"model": "admin.logentry", "pk": 27, "fields": {"action_time": "2021-06-21T18:07:43.725Z", "user": 1, "content_type": 11, "object_id": "1", "object_repr": "CodeFluent", "action_flag": 2, "change_message": "[{\"changed\": {\"fields\": [\"Client id\", \"Secret key\"]}}]"}}, {"model": "admin.logentry", "pk": 28, "fields": {"action_time": "2021-06-21T19:15:24.455Z", "user": 1, "content_type": 11, "object_id": "2", "object_repr": "Google OAuth", "action_flag": 1, "change_message": "[{\"added\": {}}]"}}, {"model": "admin.logentry", "pk": 29, "fields": {"action_time": "2021-06-21T19:15:36.996Z", "user": 1, "content_type": 11, "object_id": "1", "object_repr": "Facebook Oauth", "action_flag": 2, "change_message": "[{\"changed\": {\"fields\": [\"Name\"]}}]"}}, {"model": "admin.logentry", "pk": 30, "fields": {"action_time": "2021-06-21T19:15:50.556Z", "user": 1, "content_type": 11, "object_id": "2", "object_repr": "Google OAuth", "action_flag": 2, "change_message": "[{\"changed\": {\"fields\": [\"Sites\"]}}]"}}, {"model": "admin.logentry", "pk": 31, "fields": {"action_time": "2021-06-22T01:11:00.717Z", "user": 1, "content_type": 18, "object_id": "1", "object_repr": "Advanced GraphQL", "action_flag": 2, "change_message": "[{\"changed\": {\"fields\": [\"Lead\"]}}]"}}, {"model": "admin.logentry", "pk": 32, "fields": {"action_time": "2021-06-22T01:43:54.366Z", "user": 1, "content_type": 4, "object_id": "3", "object_repr": "Sam", "action_flag": 3, "change_message": ""}}, {"model": "admin.logentry", "pk": 33, "fields": {"action_time": "2021-06-22T16:01:22.083Z", "user": 1, "content_type": 4, "object_id": "2", "object_repr": "samuel", "action_flag": 3, "change_message": ""}}, {"model": "admin.logentry", "pk": 34, "fields": {"action_time": "2021-06-22T16:04:06.789Z", "user": 1, "content_type": 4, "object_id": "4", "object_repr": "Sakrah", "action_flag": 3, "change_message": ""}}, {"model": "admin.logentry", "pk": 35, "fields": {"action_time": "2021-06-22T16:06:48.011Z", "user": 1, "content_type": 4, "object_id": "5", "object_repr": "Sakrah", "action_flag": 3, "change_message": ""}}, {"model": "admin.logentry", "pk": 36, "fields": {"action_time": "2021-06-22T21:38:33.325Z", "user": 1, "content_type": 4, "object_id": "6", "object_repr": "Sakrah", "action_flag": 3, "change_message": ""}}, {"model": "admin.logentry", "pk": 37, "fields": {"action_time": "2021-07-05T22:34:36.308Z", "user": 1, "content_type": 4, "object_id": "7", "object_repr": "Samini", "action_flag": 3, "change_message": ""}}, {"model": "admin.logentry", "pk": 38, "fields": {"action_time": "2021-07-05T22:34:36.312Z", "user": 1, "content_type": 4, "object_id": "8", "object_repr": "sam", "action_flag": 3, "change_message": ""}}, {"model": "admin.logentry", "pk": 39, "fields": {"action_time": "2021-07-07T01:07:22.991Z", "user": 1, "content_type": 4, "object_id": "10", "object_repr": "Samkrah", "action_flag": 3, "change_message": ""}}, {"model": "admin.logentry", "pk": 40, "fields": {"action_time": "2021-07-07T01:07:22.995Z", "user": 1, "content_type": 4, "object_id": "9", "object_repr": "akrahdan", "action_flag": 3, "change_message": ""}}, {"model": "admin.logentry", "pk": 41, "fields": {"action_time": "2021-07-07T01:10:39.101Z", "user": 1, "content_type": 4, "object_id": "11", "object_repr": "akrahdan", "action_flag": 3, "change_message": ""}}, {"model": "admin.logentry", "pk": 42, "fields": {"action_time": "2021-07-08T04:09:57.652Z", "user": 1, "content_type": 40, "object_id": "12", "object_repr": "442684f87ea3a7961ce9b5d6b2d758b79ee847a4", "action_flag": 3, "change_message": ""}}, {"model": "admin.logentry", "pk": 43, "fields": {"action_time": "2021-07-08T19:52:11.217Z", "user": 1, "content_type": 40, "object_id": "12", "object_repr": "916961a217488ed42fbf685967ddb11640d0e69b", "action_flag": 1, "change_message": "[{\"added\": {}}]"}}, {"model": "admin.logentry", "pk": 44, "fields": {"action_time": "2021-07-08T19:52:48.615Z", "user": 1, "content_type": 40, "object_id": "12", "object_repr": "916961a217488ed42fbf685967ddb11640d0e69b", "action_flag": 3, "change_message": ""}}, {"model": "admin.logentry", "pk": 45, "fields": {"action_time": "2021-07-09T23:44:55.746Z", "user": 1, "content_type": 41, "object_id": "1", "object_repr": "Testimonial object (1)", "action_flag": 1, "change_message": "[{\"added\": {}}]"}}, {"model": "admin.logentry", "pk": 46, "fields": {"action_time": "2021-07-10T00:07:37.528Z", "user": 1, "content_type": 43, "object_id": "1", "object_repr": "Project object (1)", "action_flag": 1, "change_message": "[{\"added\": {}}, {\"added\": {\"name\": \"learning out come\", \"object\": \"LearningOutCome object (1)\"}}, {\"added\": {\"name\": \"learning out come\", \"object\": \"LearningOutCome object (2)\"}}, {\"added\": {\"name\": \"learning out come\", \"object\": \"LearningOutCome object (3)\"}}, {\"added\": {\"name\": \"title description\", \"object\": \"TitleDescription object (1)\"}}, {\"added\": {\"name\": \"syllabus\", \"object\": \"Syllabus object (1)\"}}, {\"added\": {\"name\": \"syllabus\", \"object\": \"Syllabus object (2)\"}}]"}}, {"model": "admin.logentry", "pk": 47, "fields": {"action_time": "2021-07-11T08:14:38.224Z", "user": 1, "content_type": 43, "object_id": "1", "object_repr": "Project object (1)", "action_flag": 2, "change_message": "[{\"changed\": {\"fields\": [\"Lead\"]}}]"}}, {"model": "admin.logentry", "pk": 48, "fields": {"action_time": "2021-07-11T08:30:58.094Z", "user": 1, "content_type": 43, "object_id": "1", "object_repr": "Project object (1)", "action_flag": 2, "change_message": "[{\"added\": {\"name\": \"syllabus\", \"object\": \"Syllabus object (3)\"}}, {\"added\": {\"name\": \"syllabus\", \"object\": \"Syllabus object (4)\"}}, {\"added\": {\"name\": \"syllabus\", \"object\": \"Syllabus object (5)\"}}, {\"added\": {\"name\": \"syllabus\", \"object\": \"Syllabus object (6)\"}}]"}}, {"model": "admin.logentry", "pk": 49, "fields": {"action_time": "2021-07-11T08:32:05.649Z", "user": 1, "content_type": 43, "object_id": "1", "object_repr": "Project object (1)", "action_flag": 2, "change_message": "[{\"added\": {\"name\": \"syllabus\", \"object\": \"Syllabus object (7)\"}}]"}}, {"model": "admin.logentry", "pk": 50, "fields": {"action_time": "2021-07-11T08:37:16.967Z", "user": 1, "content_type": 43, "object_id": "1", "object_repr": "Project object (1)", "action_flag": 2, "change_message": "[{\"changed\": {\"fields\": [\"Header primary color\", \"Header secondary color\"]}}]"}}, {"model": "admin.logentry", "pk": 51, "fields": {"action_time": "2021-07-11T08:37:51.541Z", "user": 1, "content_type": 43, "object_id": "1", "object_repr": "Project object (1)", "action_flag": 2, "change_message": "[]"}}, {"model": "admin.logentry", "pk": 52, "fields": {"action_time": "2021-07-11T09:01:02.869Z", "user": 1, "content_type": 42, "object_id": "1", "object_repr": "ProjectSection object (1)", "action_flag": 1, "change_message": "[{\"added\": {}}]"}}, {"model": "admin.logentry", "pk": 53, "fields": {"action_time": "2021-07-11T09:04:12.745Z", "user": 1, "content_type": 43, "object_id": "1", "object_repr": "Project object (1)", "action_flag": 2, "change_message": "[{\"changed\": {\"fields\": [\"Header\"]}}]"}}, {"model": "admin.logentry", "pk": 54, "fields": {"action_time": "2021-07-11T09:20:35.077Z", "user": 1, "content_type": 43, "object_id": "1", "object_repr": "Project object (1)", "action_flag": 2, "change_message": "[{\"added\": {\"name\": \"title description\", \"object\": \"TitleDescription object (2)\"}}, {\"added\": {\"name\": \"title description\", \"object\": \"TitleDescription object (3)\"}}, {\"added\": {\"name\": \"title description\", \"object\": \"TitleDescription object (4)\"}}, {\"added\": {\"name\": \"title description\", \"object\": \"TitleDescription object (5)\"}}]"}}, {"model": "admin.logentry", "pk": 55, "fields": {"action_time": "2021-07-11T09:32:37.133Z", "user": 1, "content_type": 42, "object_id": "1", "object_repr": "ProjectSection object (1)", "action_flag": 2, "change_message": "[{\"changed\": {\"fields\": [\"Heading\"]}}]"}}, {"model": "admin.logentry", "pk": 56, "fields": {"action_time": "2021-07-11T09:32:42.504Z", "user": 1, "content_type": 43, "object_id": "1", "object_repr": "Project object (1)", "action_flag": 2, "change_message": "[]"}}, {"model": "admin.logentry", "pk": 57, "fields": {"action_time": "2021-07-11T11:29:25.450Z", "user": 1, "content_type": 43, "object_id": "2", "object_repr": "Project object (2)", "action_flag": 1, "change_message": "[{\"added\": {}}, {\"added\": {\"name\": \"learning out come\", \"object\": \"LearningOutCome object (4)\"}}, {\"added\": {\"name\": \"learning out come\", \"object\": \"LearningOutCome object (5)\"}}, {\"added\": {\"name\": \"title description\", \"object\": \"TitleDescription object (6)\"}}, {\"added\": {\"name\": \"syllabus\", \"object\": \"Syllabus object (8)\"}}]"}}, {"model": "admin.logentry", "pk": 58, "fields": {"action_time": "2021-07-11T11:29:50.447Z", "user": 1, "content_type": 43, "object_id": "1", "object_repr": "Project object (1)", "action_flag": 2, "change_message": "[{\"added\": {\"name\": \"project related\", \"object\": \"ProjectRelated object (1)\"}}]"}}, {"model": "admin.logentry", "pk": 59, "fields": {"action_time": "2021-07-11T14:54:37.967Z", "user": 1, "content_type": 48, "object_id": "1", "object_repr": "ProjectFile object (1)", "action_flag": 1, "change_message": "[{\"added\": {}}]"}}, {"model": "admin.logentry", "pk": 60, "fields": {"action_time": "2021-07-11T15:54:29.965Z", "user": 1, "content_type": 48, "object_id": "2", "object_repr": "ProjectFile object (2)", "action_flag": 1, "change_message": "[{\"added\": {}}]"}}, {"model": "admin.logentry", "pk": 61, "fields": {"action_time": "2021-07-23T21:13:25.624Z", "user": 1, "content_type": 26, "object_id": "5", "object_repr": "React", "action_flag": 2, "change_message": "[{\"changed\": {\"fields\": [\"Parent\"]}}]"}}, {"model": "admin.logentry", "pk": 62, "fields": {"action_time": "2021-07-23T21:13:57.649Z", "user": 1, "content_type": 26, "object_id": "6", "object_repr": "Django", "action_flag": 2, "change_message": "[{\"changed\": {\"fields\": [\"Parent\"]}}]"}}, {"model": "admin.logentry", "pk": 63, "fields": {"action_time": "2021-07-28T02:31:51.018Z", "user": 1, "content_type": 15, "object_id": "20", "object_repr": "I am tired", "action_flag": 3, "change_message": ""}}, {"model": "admin.logentry", "pk": 64, "fields": {"action_time": "2021-07-28T02:31:51.021Z", "user": 1, "content_type": 15, "object_id": "17", "object_repr": "Fundamentals", "action_flag": 3, "change_message": ""}}, {"model": "admin.logentry", "pk": 65, "fields": {"action_time": "2021-07-28T02:31:51.023Z", "user": 1, "content_type": 15, "object_id": "19", "object_repr": "What is happening", "action_flag": 3, "change_message": ""}}, {"model": "admin.logentry", "pk": 66, "fields": {"action_time": "2021-07-28T02:31:51.025Z", "user": 1, "content_type": 15, "object_id": "18", "object_repr": "Getting to School", "action_flag": 3, "change_message": ""}}, {"model": "admin.logentry", "pk": 67, "fields": {"action_time": "2021-07-28T02:31:51.028Z", "user": 1, "content_type": 15, "object_id": "16", "object_repr": "GraphQL Grammar Language", "action_flag": 3, "change_message": ""}}, {"model": "admin.logentry", "pk": 68, "fields": {"action_time": "2021-07-28T02:31:51.031Z", "user": 1, "content_type": 15, "object_id": "15", "object_repr": "Introduction", "action_flag": 3, "change_message": ""}}, {"model": "admin.logentry", "pk": 69, "fields": {"action_time": "2021-07-28T02:31:51.033Z", "user": 1, "content_type": 15, "object_id": "14", "object_repr": "The Filesystem", "action_flag": 3, "change_message": ""}}, {"model": "admin.logentry", "pk": 70, "fields": {"action_time": "2021-07-28T02:31:51.034Z", "user": 1, "content_type": 15, "object_id": "13", "object_repr": "Coroutines and Generators", "action_flag": 3, "change_message": ""}}, {"model": "admin.logentry", "pk": 71, "fields": {"action_time": "2021-07-28T02:31:51.036Z", "user": 1, "content_type": 15, "object_id": "12", "object_repr": "Conditional Statements", "action_flag": 3, "change_message": ""}}, {"model": "admin.logentry", "pk": 72, "fields": {"action_time": "2021-07-28T02:31:51.037Z", "user": 1, "content_type": 15, "object_id": "11", "object_repr": "Python Language Syntax", "action_flag": 3, "change_message": ""}}, {"model": "admin.logentry", "pk": 73, "fields": {"action_time": "2021-07-28T02:31:51.039Z", "user": 1, "content_type": 15, "object_id": "10", "object_repr": "Introduction to Python", "action_flag": 3, "change_message": ""}}, {"model": "admin.logentry", "pk": 74, "fields": {"action_time": "2021-07-28T02:31:51.041Z", "user": 1, "content_type": 15, "object_id": "9", "object_repr": "The Filesystem", "action_flag": 3, "change_message": ""}}, {"model": "admin.logentry", "pk": 75, "fields": {"action_time": "2021-07-28T02:31:51.042Z", "user": 1, "content_type": 15, "object_id": "8", "object_repr": "Middleware and Oauth", "action_flag": 3, "change_message": ""}}, {"model": "admin.logentry", "pk": 76, "fields": {"action_time": "2021-07-28T02:31:51.045Z", "user": 1, "content_type": 15, "object_id": "7", "object_repr": "NodeJS Internals", "action_flag": 3, "change_message": ""}}, {"model": "admin.logentry", "pk": 77, "fields": {"action_time": "2021-07-28T02:31:51.047Z", "user": 1, "content_type": 15, "object_id": "6", "object_repr": "The v8 Engine", "action_flag": 3, "change_message": ""}}, {"model": "admin.logentry", "pk": 78, "fields": {"action_time": "2021-07-28T02:31:51.050Z", "user": 1, "content_type": 15, "object_id": "5", "object_repr": "Nodejs Start", "action_flag": 3, "change_message": ""}}, {"model": "admin.logentry", "pk": 79, "fields": {"action_time": "2021-07-28T02:31:51.053Z", "user": 1, "content_type": 15, "object_id": "4", "object_repr": "Apollo Client", "action_flag": 3, "change_message": ""}}, {"model": "admin.logentry", "pk": 80, "fields": {"action_time": "2021-07-28T02:31:51.054Z", "user": 1, "content_type": 15, "object_id": "3", "object_repr": "Mutations and Query", "action_flag": 3, "change_message": ""}}, {"model": "admin.logentry", "pk": 81, "fields": {"action_time": "2021-07-28T02:31:51.056Z", "user": 1, "content_type": 15, "object_id": "2", "object_repr": "Fundamentals of GraphQL", "action_flag": 3, "change_message": ""}}, {"model": "admin.logentry", "pk": 82, "fields": {"action_time": "2021-07-28T02:31:51.057Z", "user": 1, "content_type": 15, "object_id": "1", "object_repr": "Introduction to GraphQL", "action_flag": 3, "change_message": ""}}, {"model": "admin.logentry", "pk": 83, "fields": {"action_time": "2021-07-28T03:53:28.230Z", "user": 1, "content_type": 15, "object_id": "7", "object_repr": "What did you say earlier", "action_flag": 3, "change_message": ""}}, {"model": "admin.logentry", "pk": 84, "fields": {"action_time": "2021-07-28T03:53:28.232Z", "user": 1, "content_type": 15, "object_id": "1", "object_repr": "Fundamentals", "action_flag": 3, "change_message": ""}}, {"model": "admin.logentry", "pk": 85, "fields": {"action_time": "2021-07-28T03:53:28.233Z", "user": 1, "content_type": 15, "object_id": "2", "object_repr": "Hello gyts wgats", "action_flag": 3, "change_message": ""}}, {"model": "admin.logentry", "pk": 86, "fields": {"action_time": "2021-07-28T03:53:28.235Z", "user": 1, "content_type": 15, "object_id": "3", "object_repr": "Getting to School", "action_flag": 3, "change_message": ""}}, {"model": "admin.logentry", "pk": 87, "fields": {"action_time": "2021-07-28T03:53:28.237Z", "user": 1, "content_type": 15, "object_id": "6", "object_repr": "What did you say or mean", "action_flag": 3, "change_message": ""}}, {"model": "admin.logentry", "pk": 88, "fields": {"action_time": "2021-07-28T03:53:28.238Z", "user": 1, "content_type": 15, "object_id": "4", "object_repr": "Well come to Ghana", "action_flag": 3, "change_message": ""}}, {"model": "admin.logentry", "pk": 89, "fields": {"action_time": "2021-07-28T03:53:28.240Z", "user": 1, "content_type": 15, "object_id": "5", "object_repr": "How is me and you", "action_flag": 3, "change_message": ""}}, {"model": "admin.logentry", "pk": 90, "fields": {"action_time": "2021-07-28T03:53:28.242Z", "user": 1, "content_type": 15, "object_id": "8", "object_repr": "Fountain pen or something like it", "action_flag": 3, "change_message": ""}}, {"model": "admin.logentry", "pk": 91, "fields": {"action_time": "2021-07-28T04:36:13.761Z", "user": 1, "content_type": 15, "object_id": "10", "object_repr": "Getting to School", "action_flag": 3, "change_message": ""}}, {"model": "admin.logentry", "pk": 92, "fields": {"action_time": "2021-07-28T04:36:13.764Z", "user": 1, "content_type": 15, "object_id": "11", "object_repr": "Well come to Ghana", "action_flag": 3, "change_message": ""}}, {"model": "admin.logentry", "pk": 93, "fields": {"action_time": "2021-07-28T04:36:13.766Z", "user": 1, "content_type": 15, "object_id": "9", "object_repr": "Fundamentals", "action_flag": 3, "change_message": ""}}, {"model": "admin.logentry", "pk": 94, "fields": {"action_time": "2021-07-28T04:37:28.396Z", "user": 1, "content_type": 15, "object_id": "12", "object_repr": "Introduction", "action_flag": 3, "change_message": ""}}, {"model": "admin.logentry", "pk": 95, "fields": {"action_time": "2021-07-28T04:37:28.398Z", "user": 1, "content_type": 15, "object_id": "14", "object_repr": "Introduction", "action_flag": 3, "change_message": ""}}, {"model": "admin.logentry", "pk": 96, "fields": {"action_time": "2021-07-28T04:37:28.400Z", "user": 1, "content_type": 15, "object_id": "13", "object_repr": "Introduction", "action_flag": 3, "change_message": ""}}, {"model": "admin.logentry", "pk": 97, "fields": {"action_time": "2021-07-28T04:37:28.401Z", "user": 1, "content_type": 15, "object_id": "15", "object_repr": "Introduction", "action_flag": 3, "change_message": ""}}, {"model": "admin.logentry", "pk": 98, "fields": {"action_time": "2021-07-28T04:37:28.403Z", "user": 1, "content_type": 15, "object_id": "16", "object_repr": "Introduction", "action_flag": 3, "change_message": ""}}, {"model": "admin.logentry", "pk": 99, "fields": {"action_time": "2021-07-28T04:37:28.405Z", "user": 1, "content_type": 15, "object_id": "17", "object_repr": "Introduction", "action_flag": 3, "change_message": ""}}, {"model": "admin.logentry", "pk": 100, "fields": {"action_time": "2021-07-28T04:37:28.407Z", "user": 1, "content_type": 15, "object_id": "18", "object_repr": "Introduction", "action_flag": 3, "change_message": ""}}, {"model": "admin.logentry", "pk": 101, "fields": {"action_time": "2021-07-28T04:37:28.408Z", "user": 1, "content_type": 15, "object_id": "22", "object_repr": "Introduction", "action_flag": 3, "change_message": ""}}, {"model": "admin.logentry", "pk": 102, "fields": {"action_time": "2021-07-28T04:37:28.410Z", "user": 1, "content_type": 15, "object_id": "20", "object_repr": "Introduction", "action_flag": 3, "change_message": ""}}, {"model": "admin.logentry", "pk": 103, "fields": {"action_time": "2021-07-28T04:37:28.412Z", "user": 1, "content_type": 15, "object_id": "19", "object_repr": "Introduction", "action_flag": 3, "change_message": ""}}, {"model": "admin.logentry", "pk": 104, "fields": {"action_time": "2021-07-28T04:37:28.413Z", "user": 1, "content_type": 15, "object_id": "21", "object_repr": "Introduction", "action_flag": 3, "change_message": ""}}, {"model": "admin.logentry", "pk": 105, "fields": {"action_time": "2021-07-28T04:37:28.415Z", "user": 1, "content_type": 15, "object_id": "23", "object_repr": "Introduction", "action_flag": 3, "change_message": ""}}, {"model": "admin.logentry", "pk": 106, "fields": {"action_time": "2021-07-28T04:37:28.416Z", "user": 1, "content_type": 15, "object_id": "24", "object_repr": "Introduction", "action_flag": 3, "change_message": ""}}, {"model": "admin.logentry", "pk": 107, "fields": {"action_time": "2021-07-28T04:37:28.418Z", "user": 1, "content_type": 15, "object_id": "26", "object_repr": "Introduction", "action_flag": 3, "change_message": ""}}, {"model": "admin.logentry", "pk": 108, "fields": {"action_time": "2021-07-28T04:37:28.420Z", "user": 1, "content_type": 15, "object_id": "25", "object_repr": "Introduction", "action_flag": 3, "change_message": ""}}, {"model": "admin.logentry", "pk": 109, "fields": {"action_time": "2021-07-28T04:37:28.421Z", "user": 1, "content_type": 15, "object_id": "28", "object_repr": "Introduction", "action_flag": 3, "change_message": ""}}, {"model": "admin.logentry", "pk": 110, "fields": {"action_time": "2021-07-28T04:37:28.423Z", "user": 1, "content_type": 15, "object_id": "27", "object_repr": "Introduction", "action_flag": 3, "change_message": ""}}, {"model": "admin.logentry", "pk": 111, "fields": {"action_time": "2021-07-28T04:37:28.424Z", "user": 1, "content_type": 15, "object_id": "29", "object_repr": "Introduction", "action_flag": 3, "change_message": ""}}, {"model": "admin.logentry", "pk": 112, "fields": {"action_time": "2021-07-28T04:38:47.621Z", "user": 1, "content_type": 15, "object_id": "30", "object_repr": "Introduction", "action_flag": 3, "change_message": ""}}, {"model": "admin.logentry", "pk": 113, "fields": {"action_time": "2021-07-28T04:38:47.623Z", "user": 1, "content_type": 15, "object_id": "32", "object_repr": "Introduction", "action_flag": 3, "change_message": ""}}, {"model": "admin.logentry", "pk": 114, "fields": {"action_time": "2021-07-28T04:38:47.624Z", "user": 1, "content_type": 15, "object_id": "31", "object_repr": "Introduction", "action_flag": 3, "change_message": ""}}, {"model": "admin.logentry", "pk": 115, "fields": {"action_time": "2021-07-28T04:38:47.626Z", "user": 1, "content_type": 15, "object_id": "33", "object_repr": "Introduction", "action_flag": 3, "change_message": ""}}, {"model": "admin.logentry", "pk": 116, "fields": {"action_time": "2021-07-28T04:38:47.628Z", "user": 1, "content_type": 15, "object_id": "34", "object_repr": "Introduction", "action_flag": 3, "change_message": ""}}, {"model": "admin.logentry", "pk": 117, "fields": {"action_time": "2021-07-28T04:38:47.630Z", "user": 1, "content_type": 15, "object_id": "39", "object_repr": "Introduction", "action_flag": 3, "change_message": ""}}, {"model": "admin.logentry", "pk": 118, "fields": {"action_time": "2021-07-28T04:38:47.631Z", "user": 1, "content_type": 15, "object_id": "35", "object_repr": "Introduction", "action_flag": 3, "change_message": ""}}, {"model": "admin.logentry", "pk": 119, "fields": {"action_time": "2021-07-28T04:38:47.633Z", "user": 1, "content_type": 15, "object_id": "38", "object_repr": "Introduction", "action_flag": 3, "change_message": ""}}, {"model": "admin.logentry", "pk": 120, "fields": {"action_time": "2021-07-28T04:38:47.635Z", "user": 1, "content_type": 15, "object_id": "37", "object_repr": "Introduction", "action_flag": 3, "change_message": ""}}, {"model": "admin.logentry", "pk": 121, "fields": {"action_time": "2021-07-28T04:38:47.637Z", "user": 1, "content_type": 15, "object_id": "36", "object_repr": "Introduction", "action_flag": 3, "change_message": ""}}, {"model": "admin.logentry", "pk": 122, "fields": {"action_time": "2021-07-28T04:38:47.638Z", "user": 1, "content_type": 15, "object_id": "40", "object_repr": "Introduction", "action_flag": 3, "change_message": ""}}, {"model": "admin.logentry", "pk": 123, "fields": {"action_time": "2021-07-28T04:38:47.639Z", "user": 1, "content_type": 15, "object_id": "41", "object_repr": "Introduction", "action_flag": 3, "change_message": ""}}, {"model": "admin.logentry", "pk": 124, "fields": {"action_time": "2021-07-28T04:38:47.641Z", "user": 1, "content_type": 15, "object_id": "42", "object_repr": "Introduction", "action_flag": 3, "change_message": ""}}, {"model": "admin.logentry", "pk": 125, "fields": {"action_time": "2021-07-28T04:38:47.643Z", "user": 1, "content_type": 15, "object_id": "43", "object_repr": "Introduction", "action_flag": 3, "change_message": ""}}, {"model": "admin.logentry", "pk": 126, "fields": {"action_time": "2021-07-28T04:38:47.645Z", "user": 1, "content_type": 15, "object_id": "45", "object_repr": "Introduction", "action_flag": 3, "change_message": ""}}, {"model": "admin.logentry", "pk": 127, "fields": {"action_time": "2021-07-28T04:38:47.646Z", "user": 1, "content_type": 15, "object_id": "44", "object_repr": "Introduction", "action_flag": 3, "change_message": ""}}, {"model": "admin.logentry", "pk": 128, "fields": {"action_time": "2021-07-28T04:38:47.648Z", "user": 1, "content_type": 15, "object_id": "46", "object_repr": "Introduction", "action_flag": 3, "change_message": ""}}, {"model": "admin.logentry", "pk": 129, "fields": {"action_time": "2021-07-28T04:38:47.650Z", "user": 1, "content_type": 15, "object_id": "47", "object_repr": "Introduction", "action_flag": 3, "change_message": ""}}, {"model": "admin.logentry", "pk": 130, "fields": {"action_time": "2021-07-28T04:38:47.651Z", "user": 1, "content_type": 15, "object_id": "48", "object_repr": "Introduction", "action_flag": 3, "change_message": ""}}, {"model": "admin.logentry", "pk": 131, "fields": {"action_time": "2021-07-28T04:38:47.653Z", "user": 1, "content_type": 15, "object_id": "49", "object_repr": "Introduction", "action_flag": 3, "change_message": ""}}, {"model": "admin.logentry", "pk": 132, "fields": {"action_time": "2021-07-28T04:38:47.654Z", "user": 1, "content_type": 15, "object_id": "50", "object_repr": "Introduction", "action_flag": 3, "change_message": ""}}, {"model": "admin.logentry", "pk": 133, "fields": {"action_time": "2021-07-28T04:38:47.656Z", "user": 1, "content_type": 15, "object_id": "51", "object_repr": "Introduction", "action_flag": 3, "change_message": ""}}, {"model": "admin.logentry", "pk": 134, "fields": {"action_time": "2021-07-28T04:38:47.657Z", "user": 1, "content_type": 15, "object_id": "52", "object_repr": "Introduction", "action_flag": 3, "change_message": ""}}, {"model": "admin.logentry", "pk": 135, "fields": {"action_time": "2021-07-28T04:38:47.659Z", "user": 1, "content_type": 15, "object_id": "53", "object_repr": "Introduction", "action_flag": 3, "change_message": ""}}, {"model": "admin.logentry", "pk": 136, "fields": {"action_time": "2021-07-28T04:38:47.660Z", "user": 1, "content_type": 15, "object_id": "55", "object_repr": "Introduction", "action_flag": 3, "change_message": ""}}, {"model": "admin.logentry", "pk": 137, "fields": {"action_time": "2021-07-28T04:38:47.662Z", "user": 1, "content_type": 15, "object_id": "54", "object_repr": "Introduction", "action_flag": 3, "change_message": ""}}, {"model": "admin.logentry", "pk": 138, "fields": {"action_time": "2021-07-28T04:38:47.663Z", "user": 1, "content_type": 15, "object_id": "56", "object_repr": "Introduction", "action_flag": 3, "change_message": ""}}, {"model": "admin.logentry", "pk": 139, "fields": {"action_time": "2021-07-28T04:38:47.665Z", "user": 1, "content_type": 15, "object_id": "57", "object_repr": "Introduction", "action_flag": 3, "change_message": ""}}, {"model": "admin.logentry", "pk": 140, "fields": {"action_time": "2021-07-28T04:38:47.666Z", "user": 1, "content_type": 15, "object_id": "59", "object_repr": "Introduction", "action_flag": 3, "change_message": ""}}, {"model": "admin.logentry", "pk": 141, "fields": {"action_time": "2021-07-28T04:38:47.668Z", "user": 1, "content_type": 15, "object_id": "58", "object_repr": "Introduction", "action_flag": 3, "change_message": ""}}, {"model": "admin.logentry", "pk": 142, "fields": {"action_time": "2021-07-28T04:38:47.670Z", "user": 1, "content_type": 15, "object_id": "64", "object_repr": "Introduction", "action_flag": 3, "change_message": ""}}, {"model": "admin.logentry", "pk": 143, "fields": {"action_time": "2021-07-28T04:38:47.672Z", "user": 1, "content_type": 15, "object_id": "60", "object_repr": "Introduction", "action_flag": 3, "change_message": ""}}, {"model": "admin.logentry", "pk": 144, "fields": {"action_time": "2021-07-28T04:38:47.674Z", "user": 1, "content_type": 15, "object_id": "61", "object_repr": "Introduction", "action_flag": 3, "change_message": ""}}, {"model": "admin.logentry", "pk": 145, "fields": {"action_time": "2021-07-28T04:38:47.675Z", "user": 1, "content_type": 15, "object_id": "63", "object_repr": "Introduction", "action_flag": 3, "change_message": ""}}, {"model": "admin.logentry", "pk": 146, "fields": {"action_time": "2021-07-28T04:38:47.677Z", "user": 1, "content_type": 15, "object_id": "62", "object_repr": "Introduction", "action_flag": 3, "change_message": ""}}, {"model": "admin.logentry", "pk": 147, "fields": {"action_time": "2021-07-28T04:42:03.689Z", "user": 1, "content_type": 15, "object_id": "65", "object_repr": "Introduction", "action_flag": 3, "change_message": ""}}, {"model": "admin.logentry", "pk": 148, "fields": {"action_time": "2021-07-28T04:42:03.691Z", "user": 1, "content_type": 15, "object_id": "66", "object_repr": "Introduction", "action_flag": 3, "change_message": ""}}, {"model": "admin.logentry", "pk": 149, "fields": {"action_time": "2021-07-28T04:42:03.692Z", "user": 1, "content_type": 15, "object_id": "67", "object_repr": "Introduction", "action_flag": 3, "change_message": ""}}, {"model": "admin.logentry", "pk": 150, "fields": {"action_time": "2021-07-28T04:42:03.694Z", "user": 1, "content_type": 15, "object_id": "68", "object_repr": "Introduction", "action_flag": 3, "change_message": ""}}, {"model": "admin.logentry", "pk": 151, "fields": {"action_time": "2021-07-28T04:42:03.695Z", "user": 1, "content_type": 15, "object_id": "70", "object_repr": "Introduction", "action_flag": 3, "change_message": ""}}, {"model": "admin.logentry", "pk": 152, "fields": {"action_time": "2021-07-28T04:42:03.697Z", "user": 1, "content_type": 15, "object_id": "69", "object_repr": "Introduction", "action_flag": 3, "change_message": ""}}, {"model": "admin.logentry", "pk": 153, "fields": {"action_time": "2021-07-28T04:42:03.698Z", "user": 1, "content_type": 15, "object_id": "71", "object_repr": "Introduction", "action_flag": 3, "change_message": ""}}, {"model": "admin.logentry", "pk": 154, "fields": {"action_time": "2021-07-28T04:42:03.699Z", "user": 1, "content_type": 15, "object_id": "72", "object_repr": "Introduction", "action_flag": 3, "change_message": ""}}, {"model": "admin.logentry", "pk": 155, "fields": {"action_time": "2021-07-28T04:42:03.701Z", "user": 1, "content_type": 15, "object_id": "76", "object_repr": "Introduction", "action_flag": 3, "change_message": ""}}, {"model": "admin.logentry", "pk": 156, "fields": {"action_time": "2021-07-28T04:42:03.702Z", "user": 1, "content_type": 15, "object_id": "74", "object_repr": "Introduction", "action_flag": 3, "change_message": ""}}, {"model": "admin.logentry", "pk": 157, "fields": {"action_time": "2021-07-28T04:42:03.704Z", "user": 1, "content_type": 15, "object_id": "73", "object_repr": "Introduction", "action_flag": 3, "change_message": ""}}, {"model": "admin.logentry", "pk": 158, "fields": {"action_time": "2021-07-28T04:42:03.706Z", "user": 1, "content_type": 15, "object_id": "75", "object_repr": "Introduction", "action_flag": 3, "change_message": ""}}, {"model": "admin.logentry", "pk": 159, "fields": {"action_time": "2021-07-28T04:42:03.707Z", "user": 1, "content_type": 15, "object_id": "77", "object_repr": "Introduction", "action_flag": 3, "change_message": ""}}, {"model": "admin.logentry", "pk": 160, "fields": {"action_time": "2021-07-28T13:26:19.530Z", "user": 1, "content_type": 15, "object_id": "78", "object_repr": "Introduction", "action_flag": 3, "change_message": ""}}, {"model": "admin.logentry", "pk": 161, "fields": {"action_time": "2021-07-28T13:30:18.791Z", "user": 1, "content_type": 15, "object_id": "79", "object_repr": "Introduction", "action_flag": 3, "change_message": ""}}, {"model": "admin.logentry", "pk": 162, "fields": {"action_time": "2021-07-29T22:42:29.735Z", "user": 1, "content_type": 35, "object_id": "32", "object_repr": "88 (1).png", "action_flag": 3, "change_message": ""}}, {"model": "admin.logentry", "pk": 163, "fields": {"action_time": "2021-07-29T22:42:29.739Z", "user": 1, "content_type": 35, "object_id": "31", "object_repr": "avatar-1.png", "action_flag": 3, "change_message": ""}}, {"model": "admin.logentry", "pk": 164, "fields": {"action_time": "2021-07-29T22:42:29.740Z", "user": 1, "content_type": 35, "object_id": "30", "object_repr": "2. How to Get Most Out of This Course.mp4", "action_flag": 3, "change_message": ""}}, {"model": "admin.logentry", "pk": 165, "fields": {"action_time": "2021-07-29T22:42:29.742Z", "user": 1, "content_type": 35, "object_id": "29", "object_repr": "2. How to Get Most Out of This Course.mp4", "action_flag": 3, "change_message": ""}}, {"model": "admin.logentry", "pk": 166, "fields": {"action_time": "2021-07-29T22:42:29.744Z", "user": 1, "content_type": 35, "object_id": "28", "object_repr": "2. How to Get Most Out of This Course.mp4", "action_flag": 3, "change_message": ""}}, {"model": "admin.logentry", "pk": 167, "fields": {"action_time": "2021-07-29T22:42:29.745Z", "user": 1, "content_type": 35, "object_id": "27", "object_repr": "2. How to Get Most Out of This Course.mp4", "action_flag": 3, "change_message": ""}}, {"model": "admin.logentry", "pk": 168, "fields": {"action_time": "2021-07-29T22:42:29.747Z", "user": 1, "content_type": 35, "object_id": "26", "object_repr": "2. How to Get Most Out of This Course.mp4", "action_flag": 3, "change_message": ""}}, {"model": "admin.logentry", "pk": 169, "fields": {"action_time": "2021-07-29T22:42:29.749Z", "user": 1, "content_type": 35, "object_id": "25", "object_repr": "2. How to Get Most Out of This Course.mp4", "action_flag": 3, "change_message": ""}}, {"model": "admin.logentry", "pk": 170, "fields": {"action_time": "2021-07-29T22:42:29.751Z", "user": 1, "content_type": 35, "object_id": "24", "object_repr": "1. What You Need for This Course.mp4", "action_flag": 3, "change_message": ""}}, {"model": "admin.logentry", "pk": 171, "fields": {"action_time": "2021-07-29T22:42:29.752Z", "user": 1, "content_type": 35, "object_id": "23", "object_repr": "2. How to Get Most Out of This Course.mp4", "action_flag": 3, "change_message": ""}}, {"model": "admin.logentry", "pk": 172, "fields": {"action_time": "2021-07-29T22:42:29.754Z", "user": 1, "content_type": 35, "object_id": "22", "object_repr": "2. How to Get Most Out of This Course.mp4", "action_flag": 3, "change_message": ""}}, {"model": "admin.logentry", "pk": 173, "fields": {"action_time": "2021-07-29T22:42:29.756Z", "user": 1, "content_type": 35, "object_id": "21", "object_repr": "2. How to Get Most Out of This Course.mp4", "action_flag": 3, "change_message": ""}}, {"model": "admin.logentry", "pk": 174, "fields": {"action_time": "2021-07-29T22:42:29.757Z", "user": 1, "content_type": 35, "object_id": "20", "object_repr": "2. How to Get Most Out of This Course.mp4", "action_flag": 3, "change_message": ""}}, {"model": "admin.logentry", "pk": 175, "fields": {"action_time": "2021-07-29T22:42:29.759Z", "user": 1, "content_type": 35, "object_id": "19", "object_repr": "1. What You Need for This Course.mp4", "action_flag": 3, "change_message": ""}}, {"model": "admin.logentry", "pk": 176, "fields": {"action_time": "2021-07-29T22:42:29.760Z", "user": 1, "content_type": 35, "object_id": "18", "object_repr": "2. How to Get Most Out of This Course.mp4", "action_flag": 3, "change_message": ""}}, {"model": "admin.logentry", "pk": 177, "fields": {"action_time": "2021-07-29T22:42:29.761Z", "user": 1, "content_type": 35, "object_id": "17", "object_repr": "1. What You Need for This Course.mp4", "action_flag": 3, "change_message": ""}}, {"model": "admin.logentry", "pk": 178, "fields": {"action_time": "2021-07-29T22:42:29.763Z", "user": 1, "content_type": 35, "object_id": "16", "object_repr": "2. How to Get Most Out of This Course.mp4", "action_flag": 3, "change_message": ""}}, {"model": "admin.logentry", "pk": 179, "fields": {"action_time": "2021-07-29T22:42:29.764Z", "user": 1, "content_type": 35, "object_id": "15", "object_repr": "1. What You Need for This Course.mp4", "action_flag": 3, "change_message": ""}}, {"model": "admin.logentry", "pk": 180, "fields": {"action_time": "2021-07-29T22:42:29.766Z", "user": 1, "content_type": 35, "object_id": "14", "object_repr": "1. What You Need for This Course.mp4", "action_flag": 3, "change_message": ""}}, {"model": "admin.logentry", "pk": 181, "fields": {"action_time": "2021-07-29T22:42:29.767Z", "user": 1, "content_type": 35, "object_id": "13", "object_repr": "1. What You Need for This Course.mp4", "action_flag": 3, "change_message": ""}}, {"model": "admin.logentry", "pk": 182, "fields": {"action_time": "2021-07-29T22:42:29.769Z", "user": 1, "content_type": 35, "object_id": "12", "object_repr": "2. How to Get Most Out of This Course.mp4", "action_flag": 3, "change_message": ""}}, {"model": "admin.logentry", "pk": 183, "fields": {"action_time": "2021-07-29T22:42:29.770Z", "user": 1, "content_type": 35, "object_id": "11", "object_repr": "2. How to Get Most Out of This Course.mp4", "action_flag": 3, "change_message": ""}}, {"model": "admin.logentry", "pk": 184, "fields": {"action_time": "2021-07-29T22:42:29.772Z", "user": 1, "content_type": 35, "object_id": "10", "object_repr": "2. How to Get Most Out of This Course.mp4", "action_flag": 3, "change_message": ""}}, {"model": "admin.logentry", "pk": 185, "fields": {"action_time": "2021-07-29T22:42:29.773Z", "user": 1, "content_type": 35, "object_id": "9", "object_repr": "2. How to Get Most Out of This Course.mp4", "action_flag": 3, "change_message": ""}}, {"model": "admin.logentry", "pk": 186, "fields": {"action_time": "2021-07-29T22:42:29.775Z", "user": 1, "content_type": 35, "object_id": "8", "object_repr": "2. How to Get Most Out of This Course.mp4", "action_flag": 3, "change_message": ""}}, {"model": "admin.logentry", "pk": 187, "fields": {"action_time": "2021-07-29T22:42:29.776Z", "user": 1, "content_type": 35, "object_id": "7", "object_repr": "2. How to Get Most Out of This Course.mp4", "action_flag": 3, "change_message": ""}}, {"model": "admin.logentry", "pk": 188, "fields": {"action_time": "2021-07-29T22:42:29.778Z", "user": 1, "content_type": 35, "object_id": "6", "object_repr": "2. How to Get Most Out of This Course.mp4", "action_flag": 3, "change_message": ""}}, {"model": "admin.logentry", "pk": 189, "fields": {"action_time": "2021-07-29T22:42:29.779Z", "user": 1, "content_type": 35, "object_id": "5", "object_repr": "1. What You Need for This Course.mp4", "action_flag": 3, "change_message": ""}}, {"model": "admin.logentry", "pk": 190, "fields": {"action_time": "2021-07-29T22:42:29.780Z", "user": 1, "content_type": 35, "object_id": "4", "object_repr": "course-graphql.jpg", "action_flag": 3, "change_message": ""}}, {"model": "admin.logentry", "pk": 191, "fields": {"action_time": "2021-07-29T22:42:29.781Z", "user": 1, "content_type": 35, "object_id": "3", "object_repr": "course-python.jpg", "action_flag": 3, "change_message": ""}}, {"model": "admin.logentry", "pk": 192, "fields": {"action_time": "2021-07-29T22:42:29.783Z", "user": 1, "content_type": 35, "object_id": "2", "object_repr": "course-node.jpg", "action_flag": 3, "change_message": ""}}, {"model": "admin.logentry", "pk": 193, "fields": {"action_time": "2021-07-29T22:42:29.784Z", "user": 1, "content_type": 35, "object_id": "1", "object_repr": "course-graphql.jpg", "action_flag": 3, "change_message": ""}}, {"model": "admin.logentry", "pk": 194, "fields": {"action_time": "2021-08-04T19:34:03.812Z", "user": 1, "content_type": 53, "object_id": "1", "object_repr": "UserProfile object (1)", "action_flag": 3, "change_message": ""}}, {"model": "admin.logentry", "pk": 195, "fields": {"action_time": "2021-08-05T00:33:36.636Z", "user": 1, "content_type": 18, "object_id": "23", "object_repr": "Starting Python", "action_flag": 3, "change_message": ""}}, {"model": "admin.logentry", "pk": 196, "fields": {"action_time": "2021-08-05T00:33:36.639Z", "user": 1, "content_type": 18, "object_id": "22", "object_repr": "Starting Python", "action_flag": 3, "change_message": ""}}, {"model": "admin.logentry", "pk": 197, "fields": {"action_time": "2021-08-05T00:33:36.640Z", "user": 1, "content_type": 18, "object_id": "21", "object_repr": "Starting Python", "action_flag": 3, "change_message": ""}}, {"model": "admin.logentry", "pk": 198, "fields": {"action_time": "2021-08-05T00:33:36.642Z", "user": 1, "content_type": 18, "object_id": "20", "object_repr": "Starting Python", "action_flag": 3, "change_message": ""}}, {"model": "admin.logentry", "pk": 199, "fields": {"action_time": "2021-08-05T00:33:36.644Z", "user": 1, "content_type": 18, "object_id": "19", "object_repr": "Starting Python", "action_flag": 3, "change_message": ""}}, {"model": "admin.logentry", "pk": 200, "fields": {"action_time": "2021-08-05T00:33:36.645Z", "user": 1, "content_type": 18, "object_id": "18", "object_repr": "Starting Python", "action_flag": 3, "change_message": ""}}, {"model": "admin.logentry", "pk": 201, "fields": {"action_time": "2021-08-05T00:33:36.647Z", "user": 1, "content_type": 18, "object_id": "17", "object_repr": "Starting Python", "action_flag": 3, "change_message": ""}}, {"model": "admin.logentry", "pk": 202, "fields": {"action_time": "2021-08-05T00:33:36.648Z", "user": 1, "content_type": 18, "object_id": "16", "object_repr": "Starting Python", "action_flag": 3, "change_message": ""}}, {"model": "admin.logentry", "pk": 203, "fields": {"action_time": "2021-08-05T00:33:36.650Z", "user": 1, "content_type": 18, "object_id": "15", "object_repr": "Starting Python", "action_flag": 3, "change_message": ""}}, {"model": "admin.logentry", "pk": 204, "fields": {"action_time": "2021-08-05T00:33:36.651Z", "user": 1, "content_type": 18, "object_id": "14", "object_repr": "good", "action_flag": 3, "change_message": ""}}, {"model": "admin.logentry", "pk": 205, "fields": {"action_time": "2021-08-05T00:33:36.652Z", "user": 1, "content_type": 18, "object_id": "13", "object_repr": "Starting Python", "action_flag": 3, "change_message": ""}}, {"model": "admin.logentry", "pk": 206, "fields": {"action_time": "2021-08-05T00:33:36.654Z", "user": 1, "content_type": 18, "object_id": "12", "object_repr": "Starting Python", "action_flag": 3, "change_message": ""}}, {"model": "admin.logentry", "pk": 207, "fields": {"action_time": "2021-08-05T00:33:36.655Z", "user": 1, "content_type": 18, "object_id": "11", "object_repr": "Starting Python", "action_flag": 3, "change_message": ""}}, {"model": "admin.logentry", "pk": 208, "fields": {"action_time": "2021-08-05T00:33:36.656Z", "user": 1, "content_type": 18, "object_id": "10", "object_repr": "Starting Python", "action_flag": 3, "change_message": ""}}, {"model": "admin.logentry", "pk": 209, "fields": {"action_time": "2021-08-05T00:33:36.657Z", "user": 1, "content_type": 18, "object_id": "9", "object_repr": "good", "action_flag": 3, "change_message": ""}}, {"model": "admin.logentry", "pk": 210, "fields": {"action_time": "2021-08-05T00:33:36.659Z", "user": 1, "content_type": 18, "object_id": "8", "object_repr": "good", "action_flag": 3, "change_message": ""}}, {"model": "admin.logentry", "pk": 211, "fields": {"action_time": "2021-08-05T00:33:36.660Z", "user": 1, "content_type": 18, "object_id": "7", "object_repr": "Starting Python", "action_flag": 3, "change_message": ""}}, {"model": "admin.logentry", "pk": 212, "fields": {"action_time": "2021-08-05T00:33:36.661Z", "user": 1, "content_type": 18, "object_id": "6", "object_repr": "Starting Python", "action_flag": 3, "change_message": ""}}, {"model": "admin.logentry", "pk": 213, "fields": {"action_time": "2021-08-05T00:33:36.663Z", "user": 1, "content_type": 18, "object_id": "5", "object_repr": "Starting Python", "action_flag": 3, "change_message": ""}}, {"model": "admin.logentry", "pk": 214, "fields": {"action_time": "2021-08-05T21:58:04.298Z", "user": 1, "content_type": 43, "object_id": "3", "object_repr": "Project object (3)", "action_flag": 3, "change_message": ""}}, {"model": "admin.logentry", "pk": 215, "fields": {"action_time": "2021-08-08T04:04:17.808Z", "user": 1, "content_type": 31, "object_id": "22", "object_repr": "22", "action_flag": 3, "change_message": ""}}, {"model": "admin.logentry", "pk": 216, "fields": {"action_time": "2021-08-08T04:04:17.811Z", "user": 1, "content_type": 31, "object_id": "21", "object_repr": "21", "action_flag": 3, "change_message": ""}}, {"model": "admin.logentry", "pk": 217, "fields": {"action_time": "2021-08-08T04:04:17.812Z", "user": 1, "content_type": 31, "object_id": "20", "object_repr": "20", "action_flag": 3, "change_message": ""}}, {"model": "admin.logentry", "pk": 218, "fields": {"action_time": "2021-08-08T04:04:17.813Z", "user": 1, "content_type": 31, "object_id": "19", "object_repr": "19", "action_flag": 3, "change_message": ""}}, {"model": "admin.logentry", "pk": 219, "fields": {"action_time": "2021-08-08T04:04:17.814Z", "user": 1, "content_type": 31, "object_id": "18", "object_repr": "18", "action_flag": 3, "change_message": ""}}, {"model": "admin.logentry", "pk": 220, "fields": {"action_time": "2021-08-08T04:04:17.815Z", "user": 1, "content_type": 31, "object_id": "15", "object_repr": "15", "action_flag": 3, "change_message": ""}}, {"model": "admin.logentry", "pk": 221, "fields": {"action_time": "2021-08-08T04:04:17.817Z", "user": 1, "content_type": 31, "object_id": "14", "object_repr": "14", "action_flag": 3, "change_message": ""}}, {"model": "admin.logentry", "pk": 222, "fields": {"action_time": "2021-08-08T04:04:17.818Z", "user": 1, "content_type": 31, "object_id": "13", "object_repr": "13", "action_flag": 3, "change_message": ""}}, {"model": "admin.logentry", "pk": 223, "fields": {"action_time": "2021-08-08T04:04:17.819Z", "user": 1, "content_type": 31, "object_id": "12", "object_repr": "12", "action_flag": 3, "change_message": ""}}, {"model": "admin.logentry", "pk": 224, "fields": {"action_time": "2021-08-08T04:04:17.821Z", "user": 1, "content_type": 31, "object_id": "11", "object_repr": "11", "action_flag": 3, "change_message": ""}}, {"model": "admin.logentry", "pk": 225, "fields": {"action_time": "2021-08-08T04:04:17.822Z", "user": 1, "content_type": 31, "object_id": "10", "object_repr": "10", "action_flag": 3, "change_message": ""}}, {"model": "admin.logentry", "pk": 226, "fields": {"action_time": "2021-08-08T04:04:17.823Z", "user": 1, "content_type": 31, "object_id": "9", "object_repr": "9", "action_flag": 3, "change_message": ""}}, {"model": "admin.logentry", "pk": 227, "fields": {"action_time": "2021-08-08T04:04:17.824Z", "user": 1, "content_type": 31, "object_id": "6", "object_repr": "6", "action_flag": 3, "change_message": ""}}, {"model": "admin.logentry", "pk": 228, "fields": {"action_time": "2021-08-08T04:04:17.826Z", "user": 1, "content_type": 31, "object_id": "5", "object_repr": "5", "action_flag": 3, "change_message": ""}}, {"model": "admin.logentry", "pk": 229, "fields": {"action_time": "2021-08-08T04:04:32.878Z", "user": 1, "content_type": 36, "object_id": "6", "object_repr": "04stn5zpep", "action_flag": 3, "change_message": ""}}, {"model": "admin.logentry", "pk": 230, "fields": {"action_time": "2021-08-08T04:04:32.879Z", "user": 1, "content_type": 36, "object_id": "5", "object_repr": "sysm9n7aty", "action_flag": 3, "change_message": ""}}, {"model": "admin.logentry", "pk": 231, "fields": {"action_time": "2021-08-08T04:04:32.881Z", "user": 1, "content_type": 36, "object_id": "4", "object_repr": "wlgbbrjtpp", "action_flag": 3, "change_message": ""}}, {"model": "admin.logentry", "pk": 232, "fields": {"action_time": "2021-08-08T04:04:32.882Z", "user": 1, "content_type": 36, "object_id": "3", "object_repr": "cywfo2n5a4", "action_flag": 3, "change_message": ""}}, {"model": "admin.logentry", "pk": 233, "fields": {"action_time": "2021-08-08T04:04:32.884Z", "user": 1, "content_type": 36, "object_id": "2", "object_repr": "yee07j1fl9", "action_flag": 3, "change_message": ""}}, {"model": "admin.logentry", "pk": 234, "fields": {"action_time": "2021-08-08T04:04:32.885Z", "user": 1, "content_type": 36, "object_id": "1", "object_repr": "7twnjxtahh", "action_flag": 3, "change_message": ""}}, {"model": "admin.logentry", "pk": 235, "fields": {"action_time": "2021-08-08T05:27:27.159Z", "user": 1, "content_type": 31, "object_id": "23", "object_repr": "23", "action_flag": 3, "change_message": ""}}, {"model": "admin.logentry", "pk": 236, "fields": {"action_time": "2021-08-08T05:29:02.037Z", "user": 1, "content_type": 31, "object_id": "24", "object_repr": "24", "action_flag": 3, "change_message": ""}}, {"model": "admin.logentry", "pk": 237, "fields": {"action_time": "2021-08-08T05:45:56.961Z", "user": 1, "content_type": 31, "object_id": "25", "object_repr": "25", "action_flag": 3, "change_message": ""}}, {"model": "admin.logentry", "pk": 238, "fields": {"action_time": "2021-08-08T06:04:36.357Z", "user": 1, "content_type": 31, "object_id": "26", "object_repr": "26", "action_flag": 3, "change_message": ""}}, {"model": "admin.logentry", "pk": 239, "fields": {"action_time": "2021-08-08T06:27:09.911Z", "user": 1, "content_type": 31, "object_id": "27", "object_repr": "27", "action_flag": 3, "change_message": ""}}, {"model": "admin.logentry", "pk": 240, "fields": {"action_time": "2021-08-08T06:32:20.300Z", "user": 1, "content_type": 31, "object_id": "28", "object_repr": "28", "action_flag": 3, "change_message": ""}}, {"model": "admin.logentry", "pk": 241, "fields": {"action_time": "2021-08-08T21:26:23.123Z", "user": 1, "content_type": 54, "object_id": "1", "object_repr": "Build Your Own Streaming Service", "action_flag": 3, "change_message": ""}}, {"model": "admin.logentry", "pk": 242, "fields": {"action_time": "2021-08-08T21:26:54.986Z", "user": 1, "content_type": 23, "object_id": "22", "object_repr": "support@codefluent.org", "action_flag": 3, "change_message": ""}}, {"model": "admin.logentry", "pk": 243, "fields": {"action_time": "2021-08-08T21:26:54.988Z", "user": 1, "content_type": 23, "object_id": "21", "object_repr": "evebruk@gmail.com", "action_flag": 3, "change_message": ""}}, {"model": "admin.logentry", "pk": 244, "fields": {"action_time": "2021-08-08T21:26:54.990Z", "user": 1, "content_type": 23, "object_id": "20", "object_repr": "akrah001@d.umn.edu", "action_flag": 3, "change_message": ""}}, {"model": "admin.logentry", "pk": 245, "fields": {"action_time": "2021-08-08T21:26:54.991Z", "user": 1, "content_type": 23, "object_id": "19", "object_repr": "readuceai@gmail.com", "action_flag": 3, "change_message": ""}}, {"model": "admin.logentry", "pk": 246, "fields": {"action_time": "2021-08-08T21:26:54.994Z", "user": 1, "content_type": 23, "object_id": "18", "object_repr": "akrahsam@gmail.com", "action_flag": 3, "change_message": ""}}, {"model": "admin.logentry", "pk": 247, "fields": {"action_time": "2021-08-08T21:26:54.995Z", "user": 1, "content_type": 23, "object_id": "7", "object_repr": "akrahdan@gmail.com", "action_flag": 3, "change_message": ""}}, {"model": "admin.logentry", "pk": 248, "fields": {"action_time": "2021-08-08T21:27:14.243Z", "user": 1, "content_type": 31, "object_id": "29", "object_repr": "29", "action_flag": 3, "change_message": ""}}, {"model": "admin.logentry", "pk": 249, "fields": {"action_time": "2021-08-08T21:33:29.995Z", "user": 1, "content_type": 36, "object_id": "12", "object_repr": "aqzdzqo7va", "action_flag": 3, "change_message": ""}}, {"model": "admin.logentry", "pk": 250, "fields": {"action_time": "2021-08-08T21:33:29.997Z", "user": 1, "content_type": 36, "object_id": "11", "object_repr": "3zzq67xvs9", "action_flag": 3, "change_message": ""}}, {"model": "admin.logentry", "pk": 251, "fields": {"action_time": "2021-08-08T21:33:29.999Z", "user": 1, "content_type": 36, "object_id": "10", "object_repr": "3h3cz5yxar", "action_flag": 3, "change_message": ""}}, {"model": "admin.logentry", "pk": 252, "fields": {"action_time": "2021-08-08T21:33:30.000Z", "user": 1, "content_type": 36, "object_id": "9", "object_repr": "exe9wrv0xa", "action_flag": 3, "change_message": ""}}, {"model": "admin.logentry", "pk": 253, "fields": {"action_time": "2021-08-08T21:33:30.002Z", "user": 1, "content_type": 36, "object_id": "8", "object_repr": "oyjs04v95h", "action_flag": 3, "change_message": ""}}, {"model": "admin.logentry", "pk": 254, "fields": {"action_time": "2021-08-08T21:33:30.003Z", "user": 1, "content_type": 36, "object_id": "7", "object_repr": "ee2y6qnvx7", "action_flag": 3, "change_message": ""}}, {"model": "admin.logentry", "pk": 255, "fields": {"action_time": "2021-08-08T21:34:40.280Z", "user": 1, "content_type": 31, "object_id": "30", "object_repr": "30", "action_flag": 3, "change_message": ""}}, {"model": "admin.logentry", "pk": 256, "fields": {"action_time": "2021-08-08T22:47:10.830Z", "user": 1, "content_type": 31, "object_id": "31", "object_repr": "31", "action_flag": 3, "change_message": ""}}, {"model": "admin.logentry", "pk": 257, "fields": {"action_time": "2021-08-09T14:38:42.310Z", "user": 1, "content_type": 55, "object_id": "1", "object_repr": "Streaming Service", "action_flag": 1, "change_message": "[{\"added\": {}}]"}}, {"model": "admin.logentry", "pk": 258, "fields": {"action_time": "2021-08-09T14:39:05.349Z", "user": 1, "content_type": 55, "object_id": "2", "object_repr": "Chats Applications", "action_flag": 1, "change_message": "[{\"added\": {}}]"}}, {"model": "admin.logentry", "pk": 259, "fields": {"action_time": "2021-08-09T14:39:17.498Z", "user": 1, "content_type": 55, "object_id": "3", "object_repr": "Ride Hailing Apps", "action_flag": 1, "change_message": "[{\"added\": {}}]"}}, {"model": "admin.logentry", "pk": 260, "fields": {"action_time": "2021-08-09T14:39:28.518Z", "user": 1, "content_type": 55, "object_id": "4", "object_repr": "Machine Learning", "action_flag": 1, "change_message": "[{\"added\": {}}]"}}, {"model": "admin.logentry", "pk": 261, "fields": {"action_time": "2021-08-10T00:37:08.697Z", "user": 1, "content_type": 31, "object_id": "32", "object_repr": "32", "action_flag": 3, "change_message": ""}}, {"model": "admin.logentry", "pk": 262, "fields": {"action_time": "2021-08-10T00:37:47.038Z", "user": 1, "content_type": 36, "object_id": "13", "object_repr": "o7mt3pppd3", "action_flag": 3, "change_message": ""}}, {"model": "admin.logentry", "pk": 263, "fields": {"action_time": "2021-08-10T00:38:03.783Z", "user": 1, "content_type": 54, "object_id": "2", "object_repr": "Build Your Own Streaming Service", "action_flag": 3, "change_message": ""}}, {"model": "admin.logentry", "pk": 264, "fields": {"action_time": "2021-08-10T00:46:24.031Z", "user": 1, "content_type": 31, "object_id": "33", "object_repr": "33", "action_flag": 3, "change_message": ""}}, {"model": "admin.logentry", "pk": 265, "fields": {"action_time": "2021-08-10T00:47:09.803Z", "user": 1, "content_type": 36, "object_id": "14", "object_repr": "chjprbpx7v", "action_flag": 3, "change_message": ""}}, {"model": "admin.logentry", "pk": 266, "fields": {"action_time": "2021-08-10T23:18:27.959Z", "user": 1, "content_type": 56, "object_id": "1", "object_repr": "None viewed on 2021-08-10 23:18:27.955477+00:00", "action_flag": 1, "change_message": "[{\"added\": {}}]"}}, {"model": "admin.logentry", "pk": 267, "fields": {"action_time": "2021-08-10T23:20:25.213Z", "user": 1, "content_type": 56, "object_id": "2", "object_repr": "Advanced GrapQL viewed on 2021-08-10 23:20:25.210509+00:00", "action_flag": 1, "change_message": "[{\"added\": {}}]"}}, {"model": "admin.logentry", "pk": 268, "fields": {"action_time": "2021-08-11T16:23:17.633Z", "user": 1, "content_type": 31, "object_id": "34", "object_repr": "34", "action_flag": 3, "change_message": ""}}, {"model": "admin.logentry", "pk": 269, "fields": {"action_time": "2021-08-11T16:23:33.644Z", "user": 1, "content_type": 36, "object_id": "15", "object_repr": "1eq87ask63", "action_flag": 3, "change_message": ""}}, {"model": "admin.logentry", "pk": 270, "fields": {"action_time": "2021-08-11T16:23:47.679Z", "user": 1, "content_type": 54, "object_id": "3", "object_repr": "Build Your Own Streaming Service", "action_flag": 3, "change_message": ""}}, {"model": "admin.logentry", "pk": 271, "fields": {"action_time": "2021-08-11T16:26:58.706Z", "user": 1, "content_type": 36, "object_id": "16", "object_repr": "mabm7ph7bl", "action_flag": 3, "change_message": ""}}, {"model": "admin.logentry", "pk": 272, "fields": {"action_time": "2021-08-11T16:27:07.572Z", "user": 1, "content_type": 31, "object_id": "35", "object_repr": "35", "action_flag": 3, "change_message": ""}}, {"model": "admin.logentry", "pk": 273, "fields": {"action_time": "2021-08-15T02:57:23.347Z", "user": 1, "content_type": 18, "object_id": "2", "object_repr": "NodeJS Fundamentals", "action_flag": 2, "change_message": "[{\"changed\": {\"fields\": [\"State\", \"Cover image\"]}}]"}}, {"model": "admin.logentry", "pk": 274, "fields": {"action_time": "2021-08-15T02:57:33.531Z", "user": 1, "content_type": 18, "object_id": "1", "object_repr": "Advanced GraphQL", "action_flag": 2, "change_message": "[{\"changed\": {\"fields\": [\"Cover image\"]}}]"}}, {"model": "admin.logentry", "pk": 275, "fields": {"action_time": "2021-08-15T02:57:58.321Z", "user": 1, "content_type": 18, "object_id": "3", "object_repr": "Python Internals", "action_flag": 2, "change_message": "[{\"changed\": {\"fields\": [\"State\", \"Cover image\"]}}]"}}, {"model": "admin.logentry", "pk": 276, "fields": {"action_time": "2021-08-15T02:58:31.805Z", "user": 1, "content_type": 18, "object_id": "25", "object_repr": "Advanced GrapQL", "action_flag": 2, "change_message": "[{\"changed\": {\"fields\": [\"Description\", \"Cover image\"]}}]"}}, {"model": "admin.logentry", "pk": 277, "fields": {"action_time": "2021-08-15T02:58:41.615Z", "user": 1, "content_type": 18, "object_id": "27", "object_repr": "Building Linux from Scratch", "action_flag": 2, "change_message": "[{\"changed\": {\"fields\": [\"Cover image\"]}}]"}}, {"model": "admin.logentry", "pk": 278, "fields": {"action_time": "2021-08-15T17:47:48.383Z", "user": 1, "content_type": 18, "object_id": "25", "object_repr": "Advanced GrapQL Project", "action_flag": 2, "change_message": "[{\"changed\": {\"fields\": [\"Title\"]}}]"}}, {"model": "admin.logentry", "pk": 279, "fields": {"action_time": "2021-08-15T17:49:25.711Z", "user": 1, "content_type": 18, "object_id": "25", "object_repr": "Advanced GrapQL Project", "action_flag": 2, "change_message": "[{\"changed\": {\"fields\": [\"Instructor\"]}}]"}}, {"model": "admin.logentry", "pk": 280, "fields": {"action_time": "2021-08-15T17:51:54.087Z", "user": 1, "content_type": 43, "object_id": "1", "object_repr": "Build Your Own Streaming Service", "action_flag": 2, "change_message": "[{\"changed\": {\"fields\": [\"Courses\"]}}]"}}, {"model": "admin.logentry", "pk": 281, "fields": {"action_time": "2021-08-17T01:52:18.947Z", "user": 1, "content_type": 18, "object_id": "25", "object_repr": "Advanced GrapQL Project", "action_flag": 2, "change_message": "[{\"changed\": {\"fields\": [\"Headline\"]}}]"}}, {"model": "admin.logentry", "pk": 282, "fields": {"action_time": "2021-08-17T02:00:32.156Z", "user": 1, "content_type": 18, "object_id": "25", "object_repr": "Advanced GrapQL Project", "action_flag": 2, "change_message": "[{\"changed\": {\"fields\": [\"Description\"]}}]"}}, {"model": "admin.logentry", "pk": 283, "fields": {"action_time": "2021-08-17T02:38:17.806Z", "user": 1, "content_type": 32, "object_id": "2", "object_repr": "akrah", "action_flag": 2, "change_message": "[{\"changed\": {\"fields\": [\"Avatar\"]}}]"}}, {"model": "admin.logentry", "pk": 284, "fields": {"action_time": "2021-08-17T02:43:48.675Z", "user": 1, "content_type": 32, "object_id": "2", "object_repr": "akrah", "action_flag": 2, "change_message": "[{\"changed\": {\"fields\": [\"Headline\"]}}]"}}, {"model": "admin.logentry", "pk": 285, "fields": {"action_time": "2021-08-17T16:31:18.229Z", "user": 1, "content_type": 18, "object_id": "25", "object_repr": "Advanced GrapQL Project", "action_flag": 2, "change_message": "[{\"changed\": {\"name\": \"experience\", \"object\": \"Experience object (9)\", \"fields\": [\"Instructor\"]}}, {\"changed\": {\"name\": \"requirement\", \"object\": \"Requirement object (11)\", \"fields\": [\"Instructor\"]}}, {\"added\": {\"name\": \"goal\", \"object\": \"Goal object (27)\"}}, {\"added\": {\"name\": \"goal\", \"object\": \"Goal object (28)\"}}, {\"added\": {\"name\": \"goal\", \"object\": \"Goal object (29)\"}}, {\"changed\": {\"name\": \"goal\", \"object\": \"Goal object (25)\", \"fields\": [\"Name\", \"Instructor\"]}}]"}}, {"model": "admin.logentry", "pk": 286, "fields": {"action_time": "2021-08-17T18:02:15.473Z", "user": 1, "content_type": 26, "object_id": "7", "object_repr": "API Development", "action_flag": 1, "change_message": "[{\"added\": {}}]"}}, {"model": "admin.logentry", "pk": 287, "fields": {"action_time": "2021-08-17T18:02:22.305Z", "user": 1, "content_type": 26, "object_id": "1", "object_repr": "GraphQL", "action_flag": 2, "change_message": "[{\"changed\": {\"fields\": [\"Parent\"]}}]"}}, {"model": "admin.logentry", "pk": 288, "fields": {"action_time": "2021-08-17T18:03:15.632Z", "user": 1, "content_type": 26, "object_id": "8", "object_repr": "Web Services", "action_flag": 1, "change_message": "[{\"added\": {}}]"}}, {"model": "admin.logentry", "pk": 289, "fields": {"action_time": "2021-08-17T18:03:18.415Z", "user": 1, "content_type": 26, "object_id": "7", "object_repr": "API Development", "action_flag": 2, "change_message": "[{\"changed\": {\"fields\": [\"Parent\"]}}]"}}, {"model": "admin.logentry", "pk": 290, "fields": {"action_time": "2021-08-18T00:21:13.063Z", "user": 1, "content_type": 43, "object_id": "4", "object_repr": "Build Nodejs Server From Scratch", "action_flag": 2, "change_message": "[{\"changed\": {\"fields\": [\"Hero\"]}}]"}}, {"model": "admin.logentry", "pk": 291, "fields": {"action_time": "2021-08-18T00:32:56.395Z", "user": 1, "content_type": 43, "object_id": "6", "object_repr": "Develop an API from Scratch 8", "action_flag": 2, "change_message": "[{\"changed\": {\"fields\": [\"Thumbnail url\"]}}]"}}, {"model": "admin.logentry", "pk": 292, "fields": {"action_time": "2021-08-18T00:33:18.912Z", "user": 1, "content_type": 43, "object_id": "1", "object_repr": "Build Your Own Streaming Service", "action_flag": 2, "change_message": "[{\"changed\": {\"fields\": [\"Thumbnail url\"]}}]"}}, {"model": "admin.logentry", "pk": 293, "fields": {"action_time": "2021-08-18T00:35:55.925Z", "user": 1, "content_type": 43, "object_id": "4", "object_repr": "Build Nodejs Server From Scratch", "action_flag": 2, "change_message": "[{\"changed\": {\"fields\": [\"Thumbnail url\"]}}]"}}, {"model": "admin.logentry", "pk": 294, "fields": {"action_time": "2021-08-18T00:39:36.343Z", "user": 1, "content_type": 43, "object_id": "2", "object_repr": "Build DisneyPlus From Scracth", "action_flag": 2, "change_message": "[{\"changed\": {\"fields\": [\"Thumbnail url\"]}}]"}}, {"model": "admin.logentry", "pk": 295, "fields": {"action_time": "2021-08-18T00:40:12.243Z", "user": 1, "content_type": 43, "object_id": "4", "object_repr": "Build Nodejs Server From Scratch", "action_flag": 2, "change_message": "[{\"changed\": {\"fields\": [\"Thumbnail url\"]}}]"}}, {"model": "admin.logentry", "pk": 296, "fields": {"action_time": "2021-08-18T14:46:03.401Z", "user": 1, "content_type": 43, "object_id": "4", "object_repr": "Build Nodejs Server From Scratch", "action_flag": 2, "change_message": "[{\"changed\": {\"fields\": [\"Header primary color\"]}}]"}}, {"model": "admin.logentry", "pk": 297, "fields": {"action_time": "2021-08-18T14:46:30.474Z", "user": 1, "content_type": 43, "object_id": "4", "object_repr": "Build Nodejs Server From Scratch", "action_flag": 2, "change_message": "[{\"changed\": {\"fields\": [\"Header secondary color\"]}}]"}}, {"model": "admin.logentry", "pk": 298, "fields": {"action_time": "2021-08-18T14:50:26.173Z", "user": 1, "content_type": 43, "object_id": "4", "object_repr": "Build Nodejs Server From Scratch", "action_flag": 2, "change_message": "[{\"changed\": {\"fields\": [\"Header primary color\"]}}]"}}, {"model": "admin.logentry", "pk": 299, "fields": {"action_time": "2021-08-18T14:53:04.326Z", "user": 1, "content_type": 43, "object_id": "4", "object_repr": "Build Nodejs Server From Scratch", "action_flag": 2, "change_message": "[{\"changed\": {\"fields\": [\"Header primary color\"]}}]"}}, {"model": "admin.logentry", "pk": 300, "fields": {"action_time": "2021-08-20T03:44:13.446Z", "user": 1, "content_type": 4, "object_id": "13", "object_repr": "Readucer", "action_flag": 3, "change_message": ""}}, {"model": "admin.logentry", "pk": 301, "fields": {"action_time": "2021-08-20T05:32:28.546Z", "user": 1, "content_type": 4, "object_id": "17", "object_repr": "readuce", "action_flag": 3, "change_message": ""}}, {"model": "admin.logentry", "pk": 302, "fields": {"action_time": "2021-08-20T12:47:25.068Z", "user": 1, "content_type": 18, "object_id": "1", "object_repr": "Advanced GraphQL", "action_flag": 2, "change_message": "[{\"changed\": {\"fields\": [\"Cover image\"]}}]"}}, {"model": "auth.permission", "pk": 1, "fields": {"name": "Can add log entry", "content_type": 1, "codename": "add_logentry"}}, {"model": "auth.permission", "pk": 2, "fields": {"name": "Can change log entry", "content_type": 1, "codename": "change_logentry"}}, {"model": "auth.permission", "pk": 3, "fields": {"name": "Can delete log entry", "content_type": 1, "codename": "delete_logentry"}}, {"model": "auth.permission", "pk": 4, "fields": {"name": "Can view log entry", "content_type": 1, "codename": "view_logentry"}}, {"model": "auth.permission", "pk": 5, "fields": {"name": "Can add permission", "content_type": 2, "codename": "add_permission"}}, {"model": "auth.permission", "pk": 6, "fields": {"name": "Can change permission", "content_type": 2, "codename": "change_permission"}}, {"model": "auth.permission", "pk": 7, "fields": {"name": "Can delete permission", "content_type": 2, "codename": "delete_permission"}}, {"model": "auth.permission", "pk": 8, "fields": {"name": "Can view permission", "content_type": 2, "codename": "view_permission"}}, {"model": "auth.permission", "pk": 9, "fields": {"name": "Can add group", "content_type": 3, "codename": "add_group"}}, {"model": "auth.permission", "pk": 10, "fields": {"name": "Can change group", "content_type": 3, "codename": "change_group"}}, {"model": "auth.permission", "pk": 11, "fields": {"name": "Can delete group", "content_type": 3, "codename": "delete_group"}}, {"model": "auth.permission", "pk": 12, "fields": {"name": "Can view group", "content_type": 3, "codename": "view_group"}}, {"model": "auth.permission", "pk": 13, "fields": {"name": "Can add user", "content_type": 4, "codename": "add_user"}}, {"model": "auth.permission", "pk": 14, "fields": {"name": "Can change user", "content_type": 4, "codename": "change_user"}}, {"model": "auth.permission", "pk": 15, "fields": {"name": "Can delete user", "content_type": 4, "codename": "delete_user"}}, {"model": "auth.permission", "pk": 16, "fields": {"name": "Can view user", "content_type": 4, "codename": "view_user"}}, {"model": "auth.permission", "pk": 17, "fields": {"name": "Can add content type", "content_type": 5, "codename": "add_contenttype"}}, {"model": "auth.permission", "pk": 18, "fields": {"name": "Can change content type", "content_type": 5, "codename": "change_contenttype"}}, {"model": "auth.permission", "pk": 19, "fields": {"name": "Can delete content type", "content_type": 5, "codename": "delete_contenttype"}}, {"model": "auth.permission", "pk": 20, "fields": {"name": "Can view content type", "content_type": 5, "codename": "view_contenttype"}}, {"model": "auth.permission", "pk": 21, "fields": {"name": "Can add session", "content_type": 6, "codename": "add_session"}}, {"model": "auth.permission", "pk": 22, "fields": {"name": "Can change session", "content_type": 6, "codename": "change_session"}}, {"model": "auth.permission", "pk": 23, "fields": {"name": "Can delete session", "content_type": 6, "codename": "delete_session"}}, {"model": "auth.permission", "pk": 24, "fields": {"name": "Can view session", "content_type": 6, "codename": "view_session"}}, {"model": "auth.permission", "pk": 25, "fields": {"name": "Can add site", "content_type": 7, "codename": "add_site"}}, {"model": "auth.permission", "pk": 26, "fields": {"name": "Can change site", "content_type": 7, "codename": "change_site"}}, {"model": "auth.permission", "pk": 27, "fields": {"name": "Can delete site", "content_type": 7, "codename": "delete_site"}}, {"model": "auth.permission", "pk": 28, "fields": {"name": "Can view site", "content_type": 7, "codename": "view_site"}}, {"model": "auth.permission", "pk": 29, "fields": {"name": "Can add email address", "content_type": 8, "codename": "add_emailaddress"}}, {"model": "auth.permission", "pk": 30, "fields": {"name": "Can change email address", "content_type": 8, "codename": "change_emailaddress"}}, {"model": "auth.permission", "pk": 31, "fields": {"name": "Can delete email address", "content_type": 8, "codename": "delete_emailaddress"}}, {"model": "auth.permission", "pk": 32, "fields": {"name": "Can view email address", "content_type": 8, "codename": "view_emailaddress"}}, {"model": "auth.permission", "pk": 33, "fields": {"name": "Can add email confirmation", "content_type": 9, "codename": "add_emailconfirmation"}}, {"model": "auth.permission", "pk": 34, "fields": {"name": "Can change email confirmation", "content_type": 9, "codename": "change_emailconfirmation"}}, {"model": "auth.permission", "pk": 35, "fields": {"name": "Can delete email confirmation", "content_type": 9, "codename": "delete_emailconfirmation"}}, {"model": "auth.permission", "pk": 36, "fields": {"name": "Can view email confirmation", "content_type": 9, "codename": "view_emailconfirmation"}}, {"model": "auth.permission", "pk": 37, "fields": {"name": "Can add social account", "content_type": 10, "codename": "add_socialaccount"}}, {"model": "auth.permission", "pk": 38, "fields": {"name": "Can change social account", "content_type": 10, "codename": "change_socialaccount"}}, {"model": "auth.permission", "pk": 39, "fields": {"name": "Can delete social account", "content_type": 10, "codename": "delete_socialaccount"}}, {"model": "auth.permission", "pk": 40, "fields": {"name": "Can view social account", "content_type": 10, "codename": "view_socialaccount"}}, {"model": "auth.permission", "pk": 41, "fields": {"name": "Can add social application", "content_type": 11, "codename": "add_socialapp"}}, {"model": "auth.permission", "pk": 42, "fields": {"name": "Can change social application", "content_type": 11, "codename": "change_socialapp"}}, {"model": "auth.permission", "pk": 43, "fields": {"name": "Can delete social application", "content_type": 11, "codename": "delete_socialapp"}}, {"model": "auth.permission", "pk": 44, "fields": {"name": "Can view social application", "content_type": 11, "codename": "view_socialapp"}}, {"model": "auth.permission", "pk": 45, "fields": {"name": "Can add social application token", "content_type": 12, "codename": "add_socialtoken"}}, {"model": "auth.permission", "pk": 46, "fields": {"name": "Can change social application token", "content_type": 12, "codename": "change_socialtoken"}}, {"model": "auth.permission", "pk": 47, "fields": {"name": "Can delete social application token", "content_type": 12, "codename": "delete_socialtoken"}}, {"model": "auth.permission", "pk": 48, "fields": {"name": "Can view social application token", "content_type": 12, "codename": "view_socialtoken"}}, {"model": "auth.permission", "pk": 49, "fields": {"name": "Can add tag", "content_type": 13, "codename": "add_tag"}}, {"model": "auth.permission", "pk": 50, "fields": {"name": "Can change tag", "content_type": 13, "codename": "change_tag"}}, {"model": "auth.permission", "pk": 51, "fields": {"name": "Can delete tag", "content_type": 13, "codename": "delete_tag"}}, {"model": "auth.permission", "pk": 52, "fields": {"name": "Can view tag", "content_type": 13, "codename": "view_tag"}}, {"model": "auth.permission", "pk": 53, "fields": {"name": "Can add tagged item", "content_type": 14, "codename": "add_taggeditem"}}, {"model": "auth.permission", "pk": 54, "fields": {"name": "Can change tagged item", "content_type": 14, "codename": "change_taggeditem"}}, {"model": "auth.permission", "pk": 55, "fields": {"name": "Can delete tagged item", "content_type": 14, "codename": "delete_taggeditem"}}, {"model": "auth.permission", "pk": 56, "fields": {"name": "Can view tagged item", "content_type": 14, "codename": "view_taggeditem"}}, {"model": "auth.permission", "pk": 57, "fields": {"name": "Can add section", "content_type": 15, "codename": "add_section"}}, {"model": "auth.permission", "pk": 58, "fields": {"name": "Can change section", "content_type": 15, "codename": "change_section"}}, {"model": "auth.permission", "pk": 59, "fields": {"name": "Can delete section", "content_type": 15, "codename": "delete_section"}}, {"model": "auth.permission", "pk": 60, "fields": {"name": "Can view section", "content_type": 15, "codename": "view_section"}}, {"model": "auth.permission", "pk": 61, "fields": {"name": "Can add lecture", "content_type": 16, "codename": "add_lecture"}}, {"model": "auth.permission", "pk": 62, "fields": {"name": "Can change lecture", "content_type": 16, "codename": "change_lecture"}}, {"model": "auth.permission", "pk": 63, "fields": {"name": "Can delete lecture", "content_type": 16, "codename": "delete_lecture"}}, {"model": "auth.permission", "pk": 64, "fields": {"name": "Can view lecture", "content_type": 16, "codename": "view_lecture"}}, {"model": "auth.permission", "pk": 65, "fields": {"name": "Can add Published Lecture", "content_type": 17, "codename": "add_lecturepublishedproxy"}}, {"model": "auth.permission", "pk": 66, "fields": {"name": "Can change Published Lecture", "content_type": 17, "codename": "change_lecturepublishedproxy"}}, {"model": "auth.permission", "pk": 67, "fields": {"name": "Can delete Published Lecture", "content_type": 17, "codename": "delete_lecturepublishedproxy"}}, {"model": "auth.permission", "pk": 68, "fields": {"name": "Can view Published Lecture", "content_type": 17, "codename": "view_lecturepublishedproxy"}}, {"model": "auth.permission", "pk": 69, "fields": {"name": "Can add course", "content_type": 18, "codename": "add_course"}}, {"model": "auth.permission", "pk": 70, "fields": {"name": "Can change course", "content_type": 18, "codename": "change_course"}}, {"model": "auth.permission", "pk": 71, "fields": {"name": "Can delete course", "content_type": 18, "codename": "delete_course"}}, {"model": "auth.permission", "pk": 72, "fields": {"name": "Can view course", "content_type": 18, "codename": "view_course"}}, {"model": "auth.permission", "pk": 73, "fields": {"name": "Can add course related", "content_type": 19, "codename": "add_courserelated"}}, {"model": "auth.permission", "pk": 74, "fields": {"name": "Can change course related", "content_type": 19, "codename": "change_courserelated"}}, {"model": "auth.permission", "pk": 75, "fields": {"name": "Can delete course related", "content_type": 19, "codename": "delete_courserelated"}}, {"model": "auth.permission", "pk": 76, "fields": {"name": "Can view course related", "content_type": 19, "codename": "view_courserelated"}}, {"model": "auth.permission", "pk": 77, "fields": {"name": "Can add course item", "content_type": 20, "codename": "add_courseitem"}}, {"model": "auth.permission", "pk": 78, "fields": {"name": "Can change course item", "content_type": 20, "codename": "change_courseitem"}}, {"model": "auth.permission", "pk": 79, "fields": {"name": "Can delete course item", "content_type": 20, "codename": "delete_courseitem"}}, {"model": "auth.permission", "pk": 80, "fields": {"name": "Can view course item", "content_type": 20, "codename": "view_courseitem"}}, {"model": "auth.permission", "pk": 81, "fields": {"name": "Can add tagged item", "content_type": 21, "codename": "add_taggeditem"}}, {"model": "auth.permission", "pk": 82, "fields": {"name": "Can change tagged item", "content_type": 21, "codename": "change_taggeditem"}}, {"model": "auth.permission", "pk": 83, "fields": {"name": "Can delete tagged item", "content_type": 21, "codename": "delete_taggeditem"}}, {"model": "auth.permission", "pk": 84, "fields": {"name": "Can view tagged item", "content_type": 21, "codename": "view_taggeditem"}}, {"model": "auth.permission", "pk": 85, "fields": {"name": "Can add rating", "content_type": 22, "codename": "add_rating"}}, {"model": "auth.permission", "pk": 86, "fields": {"name": "Can change rating", "content_type": 22, "codename": "change_rating"}}, {"model": "auth.permission", "pk": 87, "fields": {"name": "Can delete rating", "content_type": 22, "codename": "delete_rating"}}, {"model": "auth.permission", "pk": 88, "fields": {"name": "Can view rating", "content_type": 22, "codename": "view_rating"}}, {"model": "auth.permission", "pk": 89, "fields": {"name": "Can add billing profile", "content_type": 23, "codename": "add_billingprofile"}}, {"model": "auth.permission", "pk": 90, "fields": {"name": "Can change billing profile", "content_type": 23, "codename": "change_billingprofile"}}, {"model": "auth.permission", "pk": 91, "fields": {"name": "Can delete billing profile", "content_type": 23, "codename": "delete_billingprofile"}}, {"model": "auth.permission", "pk": 92, "fields": {"name": "Can view billing profile", "content_type": 23, "codename": "view_billingprofile"}}, {"model": "auth.permission", "pk": 93, "fields": {"name": "Can add charge", "content_type": 24, "codename": "add_charge"}}, {"model": "auth.permission", "pk": 94, "fields": {"name": "Can change charge", "content_type": 24, "codename": "change_charge"}}, {"model": "auth.permission", "pk": 95, "fields": {"name": "Can delete charge", "content_type": 24, "codename": "delete_charge"}}, {"model": "auth.permission", "pk": 96, "fields": {"name": "Can view charge", "content_type": 24, "codename": "view_charge"}}, {"model": "auth.permission", "pk": 97, "fields": {"name": "Can add card", "content_type": 25, "codename": "add_card"}}, {"model": "auth.permission", "pk": 98, "fields": {"name": "Can change card", "content_type": 25, "codename": "change_card"}}, {"model": "auth.permission", "pk": 99, "fields": {"name": "Can delete card", "content_type": 25, "codename": "delete_card"}}, {"model": "auth.permission", "pk": 100, "fields": {"name": "Can view card", "content_type": 25, "codename": "view_card"}}, {"model": "auth.permission", "pk": 101, "fields": {"name": "Can add Category", "content_type": 26, "codename": "add_category"}}, {"model": "auth.permission", "pk": 102, "fields": {"name": "Can change Category", "content_type": 26, "codename": "change_category"}}, {"model": "auth.permission", "pk": 103, "fields": {"name": "Can delete Category", "content_type": 26, "codename": "delete_category"}}, {"model": "auth.permission", "pk": 104, "fields": {"name": "Can view Category", "content_type": 26, "codename": "view_category"}}, {"model": "auth.permission", "pk": 105, "fields": {"name": "Can add purchase", "content_type": 27, "codename": "add_purchase"}}, {"model": "auth.permission", "pk": 106, "fields": {"name": "Can change purchase", "content_type": 27, "codename": "change_purchase"}}, {"model": "auth.permission", "pk": 107, "fields": {"name": "Can delete purchase", "content_type": 27, "codename": "delete_purchase"}}, {"model": "auth.permission", "pk": 108, "fields": {"name": "Can view purchase", "content_type": 27, "codename": "view_purchase"}}, {"model": "auth.permission", "pk": 109, "fields": {"name": "Can add course purchase", "content_type": 28, "codename": "add_coursepurchase"}}, {"model": "auth.permission", "pk": 110, "fields": {"name": "Can change course purchase", "content_type": 28, "codename": "change_coursepurchase"}}, {"model": "auth.permission", "pk": 111, "fields": {"name": "Can delete course purchase", "content_type": 28, "codename": "delete_coursepurchase"}}, {"model": "auth.permission", "pk": 112, "fields": {"name": "Can view course purchase", "content_type": 28, "codename": "view_coursepurchase"}}, {"model": "auth.permission", "pk": 113, "fields": {"name": "Can add marketing preference", "content_type": 29, "codename": "add_marketingpreference"}}, {"model": "auth.permission", "pk": 114, "fields": {"name": "Can change marketing preference", "content_type": 29, "codename": "change_marketingpreference"}}, {"model": "auth.permission", "pk": 115, "fields": {"name": "Can delete marketing preference", "content_type": 29, "codename": "delete_marketingpreference"}}, {"model": "auth.permission", "pk": 116, "fields": {"name": "Can view marketing preference", "content_type": 29, "codename": "view_marketingpreference"}}, {"model": "auth.permission", "pk": 117, "fields": {"name": "Can add address", "content_type": 30, "codename": "add_address"}}, {"model": "auth.permission", "pk": 118, "fields": {"name": "Can change address", "content_type": 30, "codename": "change_address"}}, {"model": "auth.permission", "pk": 119, "fields": {"name": "Can delete address", "content_type": 30, "codename": "delete_address"}}, {"model": "auth.permission", "pk": 120, "fields": {"name": "Can view address", "content_type": 30, "codename": "view_address"}}, {"model": "auth.permission", "pk": 121, "fields": {"name": "Can add cart", "content_type": 31, "codename": "add_cart"}}, {"model": "auth.permission", "pk": 122, "fields": {"name": "Can change cart", "content_type": 31, "codename": "change_cart"}}, {"model": "auth.permission", "pk": 123, "fields": {"name": "Can delete cart", "content_type": 31, "codename": "delete_cart"}}, {"model": "auth.permission", "pk": 124, "fields": {"name": "Can view cart", "content_type": 31, "codename": "view_cart"}}, {"model": "auth.permission", "pk": 125, "fields": {"name": "Can add instructor", "content_type": 32, "codename": "add_instructor"}}, {"model": "auth.permission", "pk": 126, "fields": {"name": "Can change instructor", "content_type": 32, "codename": "change_instructor"}}, {"model": "auth.permission", "pk": 127, "fields": {"name": "Can delete instructor", "content_type": 32, "codename": "delete_instructor"}}, {"model": "auth.permission", "pk": 128, "fields": {"name": "Can view instructor", "content_type": 32, "codename": "view_instructor"}}, {"model": "auth.permission", "pk": 129, "fields": {"name": "Can add profile", "content_type": 33, "codename": "add_profile"}}, {"model": "auth.permission", "pk": 130, "fields": {"name": "Can change profile", "content_type": 33, "codename": "change_profile"}}, {"model": "auth.permission", "pk": 131, "fields": {"name": "Can delete profile", "content_type": 33, "codename": "delete_profile"}}, {"model": "auth.permission", "pk": 132, "fields": {"name": "Can view profile", "content_type": 33, "codename": "view_profile"}}, {"model": "auth.permission", "pk": 133, "fields": {"name": "Can add s3 file", "content_type": 34, "codename": "add_s3file"}}, {"model": "auth.permission", "pk": 134, "fields": {"name": "Can change s3 file", "content_type": 34, "codename": "change_s3file"}}, {"model": "auth.permission", "pk": 135, "fields": {"name": "Can delete s3 file", "content_type": 34, "codename": "delete_s3file"}}, {"model": "auth.permission", "pk": 136, "fields": {"name": "Can view s3 file", "content_type": 34, "codename": "view_s3file"}}, {"model": "auth.permission", "pk": 137, "fields": {"name": "Can add course file", "content_type": 35, "codename": "add_coursefile"}}, {"model": "auth.permission", "pk": 138, "fields": {"name": "Can change course file", "content_type": 35, "codename": "change_coursefile"}}, {"model": "auth.permission", "pk": 139, "fields": {"name": "Can delete course file", "content_type": 35, "codename": "delete_coursefile"}}, {"model": "auth.permission", "pk": 140, "fields": {"name": "Can view course file", "content_type": 35, "codename": "view_coursefile"}}, {"model": "auth.permission", "pk": 141, "fields": {"name": "Can add order", "content_type": 36, "codename": "add_order"}}, {"model": "auth.permission", "pk": 142, "fields": {"name": "Can change order", "content_type": 36, "codename": "change_order"}}, {"model": "auth.permission", "pk": 143, "fields": {"name": "Can delete order", "content_type": 36, "codename": "delete_order"}}, {"model": "auth.permission", "pk": 144, "fields": {"name": "Can view order", "content_type": 36, "codename": "view_order"}}, {"model": "auth.permission", "pk": 145, "fields": {"name": "Can add course order", "content_type": 37, "codename": "add_courseorder"}}, {"model": "auth.permission", "pk": 146, "fields": {"name": "Can change course order", "content_type": 37, "codename": "change_courseorder"}}, {"model": "auth.permission", "pk": 147, "fields": {"name": "Can delete course order", "content_type": 37, "codename": "delete_courseorder"}}, {"model": "auth.permission", "pk": 148, "fields": {"name": "Can view course order", "content_type": 37, "codename": "view_courseorder"}}, {"model": "auth.permission", "pk": 149, "fields": {"name": "Can add review rating", "content_type": 38, "codename": "add_reviewrating"}}, {"model": "auth.permission", "pk": 150, "fields": {"name": "Can change review rating", "content_type": 38, "codename": "change_reviewrating"}}, {"model": "auth.permission", "pk": 151, "fields": {"name": "Can delete review rating", "content_type": 38, "codename": "delete_reviewrating"}}, {"model": "auth.permission", "pk": 152, "fields": {"name": "Can view review rating", "content_type": 38, "codename": "view_reviewrating"}}, {"model": "auth.permission", "pk": 153, "fields": {"name": "Can add Token", "content_type": 39, "codename": "add_token"}}, {"model": "auth.permission", "pk": 154, "fields": {"name": "Can change Token", "content_type": 39, "codename": "change_token"}}, {"model": "auth.permission", "pk": 155, "fields": {"name": "Can delete Token", "content_type": 39, "codename": "delete_token"}}, {"model": "auth.permission", "pk": 156, "fields": {"name": "Can view Token", "content_type": 39, "codename": "view_token"}}, {"model": "auth.permission", "pk": 157, "fields": {"name": "Can add token", "content_type": 40, "codename": "add_tokenproxy"}}, {"model": "auth.permission", "pk": 158, "fields": {"name": "Can change token", "content_type": 40, "codename": "change_tokenproxy"}}, {"model": "auth.permission", "pk": 159, "fields": {"name": "Can delete token", "content_type": 40, "codename": "delete_tokenproxy"}}, {"model": "auth.permission", "pk": 160, "fields": {"name": "Can view token", "content_type": 40, "codename": "view_tokenproxy"}}, {"model": "auth.permission", "pk": 161, "fields": {"name": "Can add testimonial", "content_type": 41, "codename": "add_testimonial"}}, {"model": "auth.permission", "pk": 162, "fields": {"name": "Can change testimonial", "content_type": 41, "codename": "change_testimonial"}}, {"model": "auth.permission", "pk": 163, "fields": {"name": "Can delete testimonial", "content_type": 41, "codename": "delete_testimonial"}}, {"model": "auth.permission", "pk": 164, "fields": {"name": "Can view testimonial", "content_type": 41, "codename": "view_testimonial"}}, {"model": "auth.permission", "pk": 165, "fields": {"name": "Can add project section", "content_type": 42, "codename": "add_projectsection"}}, {"model": "auth.permission", "pk": 166, "fields": {"name": "Can change project section", "content_type": 42, "codename": "change_projectsection"}}, {"model": "auth.permission", "pk": 167, "fields": {"name": "Can delete project section", "content_type": 42, "codename": "delete_projectsection"}}, {"model": "auth.permission", "pk": 168, "fields": {"name": "Can view project section", "content_type": 42, "codename": "view_projectsection"}}, {"model": "auth.permission", "pk": 169, "fields": {"name": "Can add project", "content_type": 43, "codename": "add_project"}}, {"model": "auth.permission", "pk": 170, "fields": {"name": "Can change project", "content_type": 43, "codename": "change_project"}}, {"model": "auth.permission", "pk": 171, "fields": {"name": "Can delete project", "content_type": 43, "codename": "delete_project"}}, {"model": "auth.permission", "pk": 172, "fields": {"name": "Can view project", "content_type": 43, "codename": "view_project"}}, {"model": "auth.permission", "pk": 173, "fields": {"name": "Can add syllabus", "content_type": 44, "codename": "add_syllabus"}}, {"model": "auth.permission", "pk": 174, "fields": {"name": "Can change syllabus", "content_type": 44, "codename": "change_syllabus"}}, {"model": "auth.permission", "pk": 175, "fields": {"name": "Can delete syllabus", "content_type": 44, "codename": "delete_syllabus"}}, {"model": "auth.permission", "pk": 176, "fields": {"name": "Can view syllabus", "content_type": 44, "codename": "view_syllabus"}}, {"model": "auth.permission", "pk": 177, "fields": {"name": "Can add title description", "content_type": 45, "codename": "add_titledescription"}}, {"model": "auth.permission", "pk": 178, "fields": {"name": "Can change title description", "content_type": 45, "codename": "change_titledescription"}}, {"model": "auth.permission", "pk": 179, "fields": {"name": "Can delete title description", "content_type": 45, "codename": "delete_titledescription"}}, {"model": "auth.permission", "pk": 180, "fields": {"name": "Can view title description", "content_type": 45, "codename": "view_titledescription"}}, {"model": "auth.permission", "pk": 181, "fields": {"name": "Can add project related", "content_type": 46, "codename": "add_projectrelated"}}, {"model": "auth.permission", "pk": 182, "fields": {"name": "Can change project related", "content_type": 46, "codename": "change_projectrelated"}}, {"model": "auth.permission", "pk": 183, "fields": {"name": "Can delete project related", "content_type": 46, "codename": "delete_projectrelated"}}, {"model": "auth.permission", "pk": 184, "fields": {"name": "Can view project related", "content_type": 46, "codename": "view_projectrelated"}}, {"model": "auth.permission", "pk": 185, "fields": {"name": "Can add learning out come", "content_type": 47, "codename": "add_learningoutcome"}}, {"model": "auth.permission", "pk": 186, "fields": {"name": "Can change learning out come", "content_type": 47, "codename": "change_learningoutcome"}}, {"model": "auth.permission", "pk": 187, "fields": {"name": "Can delete learning out come", "content_type": 47, "codename": "delete_learningoutcome"}}, {"model": "auth.permission", "pk": 188, "fields": {"name": "Can view learning out come", "content_type": 47, "codename": "view_learningoutcome"}}, {"model": "auth.permission", "pk": 189, "fields": {"name": "Can add project file", "content_type": 48, "codename": "add_projectfile"}}, {"model": "auth.permission", "pk": 190, "fields": {"name": "Can change project file", "content_type": 48, "codename": "change_projectfile"}}, {"model": "auth.permission", "pk": 191, "fields": {"name": "Can delete project file", "content_type": 48, "codename": "delete_projectfile"}}, {"model": "auth.permission", "pk": 192, "fields": {"name": "Can view project file", "content_type": 48, "codename": "view_projectfile"}}, {"model": "auth.permission", "pk": 193, "fields": {"name": "Can add experience", "content_type": 49, "codename": "add_experience"}}, {"model": "auth.permission", "pk": 194, "fields": {"name": "Can change experience", "content_type": 49, "codename": "change_experience"}}, {"model": "auth.permission", "pk": 195, "fields": {"name": "Can delete experience", "content_type": 49, "codename": "delete_experience"}}, {"model": "auth.permission", "pk": 196, "fields": {"name": "Can view experience", "content_type": 49, "codename": "view_experience"}}, {"model": "auth.permission", "pk": 197, "fields": {"name": "Can add requirement", "content_type": 50, "codename": "add_requirement"}}, {"model": "auth.permission", "pk": 198, "fields": {"name": "Can change requirement", "content_type": 50, "codename": "change_requirement"}}, {"model": "auth.permission", "pk": 199, "fields": {"name": "Can delete requirement", "content_type": 50, "codename": "delete_requirement"}}, {"model": "auth.permission", "pk": 200, "fields": {"name": "Can view requirement", "content_type": 50, "codename": "view_requirement"}}, {"model": "auth.permission", "pk": 201, "fields": {"name": "Can add goal", "content_type": 51, "codename": "add_goal"}}, {"model": "auth.permission", "pk": 202, "fields": {"name": "Can change goal", "content_type": 51, "codename": "change_goal"}}, {"model": "auth.permission", "pk": 203, "fields": {"name": "Can delete goal", "content_type": 51, "codename": "delete_goal"}}, {"model": "auth.permission", "pk": 204, "fields": {"name": "Can view goal", "content_type": 51, "codename": "view_goal"}}, {"model": "auth.permission", "pk": 205, "fields": {"name": "Can add pricing", "content_type": 52, "codename": "add_pricing"}}, {"model": "auth.permission", "pk": 206, "fields": {"name": "Can change pricing", "content_type": 52, "codename": "change_pricing"}}, {"model": "auth.permission", "pk": 207, "fields": {"name": "Can delete pricing", "content_type": 52, "codename": "delete_pricing"}}, {"model": "auth.permission", "pk": 208, "fields": {"name": "Can view pricing", "content_type": 52, "codename": "view_pricing"}}, {"model": "auth.permission", "pk": 209, "fields": {"name": "Can add user profile", "content_type": 53, "codename": "add_userprofile"}}, {"model": "auth.permission", "pk": 210, "fields": {"name": "Can change user profile", "content_type": 53, "codename": "change_userprofile"}}, {"model": "auth.permission", "pk": 211, "fields": {"name": "Can delete user profile", "content_type": 53, "codename": "delete_userprofile"}}, {"model": "auth.permission", "pk": 212, "fields": {"name": "Can view user profile", "content_type": 53, "codename": "view_userprofile"}}, {"model": "auth.permission", "pk": 213, "fields": {"name": "Can add project order", "content_type": 54, "codename": "add_projectorder"}}, {"model": "auth.permission", "pk": 214, "fields": {"name": "Can change project order", "content_type": 54, "codename": "change_projectorder"}}, {"model": "auth.permission", "pk": 215, "fields": {"name": "Can delete project order", "content_type": 54, "codename": "delete_projectorder"}}, {"model": "auth.permission", "pk": 216, "fields": {"name": "Can view project order", "content_type": 54, "codename": "view_projectorder"}}, {"model": "auth.permission", "pk": 217, "fields": {"name": "Can add ProjectCategory", "content_type": 55, "codename": "add_projectcategory"}}, {"model": "auth.permission", "pk": 218, "fields": {"name": "Can change ProjectCategory", "content_type": 55, "codename": "change_projectcategory"}}, {"model": "auth.permission", "pk": 219, "fields": {"name": "Can delete ProjectCategory", "content_type": 55, "codename": "delete_projectcategory"}}, {"model": "auth.permission", "pk": 220, "fields": {"name": "Can view ProjectCategory", "content_type": 55, "codename": "view_projectcategory"}}, {"model": "auth.permission", "pk": 221, "fields": {"name": "Can add Object viewed", "content_type": 56, "codename": "add_objectviewed"}}, {"model": "auth.permission", "pk": 222, "fields": {"name": "Can change Object viewed", "content_type": 56, "codename": "change_objectviewed"}}, {"model": "auth.permission", "pk": 223, "fields": {"name": "Can delete Object viewed", "content_type": 56, "codename": "delete_objectviewed"}}, {"model": "auth.permission", "pk": 224, "fields": {"name": "Can view Object viewed", "content_type": 56, "codename": "view_objectviewed"}}, {"model": "auth.permission", "pk": 225, "fields": {"name": "Can add lecture progress", "content_type": 57, "codename": "add_lectureprogress"}}, {"model": "auth.permission", "pk": 226, "fields": {"name": "Can change lecture progress", "content_type": 57, "codename": "change_lectureprogress"}}, {"model": "auth.permission", "pk": 227, "fields": {"name": "Can delete lecture progress", "content_type": 57, "codename": "delete_lectureprogress"}}, {"model": "auth.permission", "pk": 228, "fields": {"name": "Can view lecture progress", "content_type": 57, "codename": "view_lectureprogress"}}, {"model": "auth.permission", "pk": 229, "fields": {"name": "Can add project pricing", "content_type": 58, "codename": "add_projectpricing"}}, {"model": "auth.permission", "pk": 230, "fields": {"name": "Can change project pricing", "content_type": 58, "codename": "change_projectpricing"}}, {"model": "auth.permission", "pk": 231, "fields": {"name": "Can delete project pricing", "content_type": 58, "codename": "delete_projectpricing"}}, {"model": "auth.permission", "pk": 232, "fields": {"name": "Can view project pricing", "content_type": 58, "codename": "view_projectpricing"}}, {"model": "auth.user", "pk": 1, "fields": {"password": "pbkdf2_sha256$260000$N9b0PKhS7DFsgVNMGfgrC6$AXp+4Yip2awAieLIFoxe1S035BtrpXpt3QPslF+iGgM=", "last_login": "2021-08-20T04:11:59.832Z", "is_superuser": true, "username": "akrah", "first_name": "", "last_name": "", "email": "akrahdan@gmail.com", "is_staff": true, "is_active": true, "date_joined": "2021-06-15T03:05:21.182Z", "groups": [], "user_permissions": []}}, {"model": "auth.user", "pk": 12, "fields": {"password": "pbkdf2_sha256$260000$73ubcNu0Ph5s7u2hJWbrmN$ij+3zubOu+a/AcMJxGX45sYqaUwwXkcCwAI/dRNLpJ0=", "last_login": "2021-08-05T01:32:30.356Z", "is_superuser": false, "username": "akrahdan", "first_name": "Samuel", "last_name": "Amankwah", "email": "akrahsam@gmail.com", "is_staff": false, "is_active": true, "date_joined": "2021-07-07T01:11:24.970Z", "groups": [], "user_permissions": []}}, {"model": "auth.user", "pk": 14, "fields": {"password": "pbkdf2_sha256$260000$zx7PrJmpc0xT3yoGPJ0hvn$FSM6z2Up8Q7vtSSnzfZkvK9J3NBYJOFuhDtStmp5C3M=", "last_login": "2021-07-08T20:31:56.985Z", "is_superuser": false, "username": "Saman", "first_name": "", "last_name": "", "email": "akrah001@d.umn.edu", "is_staff": false, "is_active": true, "date_joined": "2021-07-08T20:31:54.048Z", "groups": [], "user_permissions": []}}, {"model": "auth.user", "pk": 15, "fields": {"password": "!8EImDShQNYs6pGQeZlbcQfL6OVHvGvuqjoaVtN52", "last_login": "2021-07-09T16:13:27.421Z", "is_superuser": false, "username": "evelyn", "first_name": "Evelyn", "last_name": "Brookman", "email": "evebruk@gmail.com", "is_staff": false, "is_active": true, "date_joined": "2021-07-09T15:22:18.233Z", "groups": [], "user_permissions": []}}, {"model": "auth.user", "pk": 16, "fields": {"password": "pbkdf2_sha256$260000$PYxL96L9CFW3V46JKhjITB$qLB9B7617p8Fv/dz1+88cyEsjI1O570Pz139axIBSes=", "last_login": "2021-08-17T20:54:15.032Z", "is_superuser": false, "username": "codefluent", "first_name": "Samuel", "last_name": "Akrah", "email": "support@codefluent.org", "is_staff": false, "is_active": true, "date_joined": "2021-07-27T18:36:58.714Z", "groups": [], "user_permissions": []}}, {"model": "auth.user", "pk": 18, "fields": {"password": "!l9sbTd2tex2Mgl7x9H8YuJb8pyuKs2AWWwpgOd1S", "last_login": "2021-08-20T06:09:02.539Z", "is_superuser": false, "username": "readuce", "first_name": "Readuce", "last_name": "AI", "email": "readuceai@gmail.com", "is_staff": false, "is_active": true, "date_joined": "2021-08-20T05:32:46.641Z", "groups": [], "user_permissions": []}}, {"model": "contenttypes.contenttype", "pk": 1, "fields": {"app_label": "admin", "model": "logentry"}}, {"model": "contenttypes.contenttype", "pk": 2, "fields": {"app_label": "auth", "model": "permission"}}, {"model": "contenttypes.contenttype", "pk": 3, "fields": {"app_label": "auth", "model": "group"}}, {"model": "contenttypes.contenttype", "pk": 4, "fields": {"app_label": "auth", "model": "user"}}, {"model": "contenttypes.contenttype", "pk": 5, "fields": {"app_label": "contenttypes", "model": "contenttype"}}, {"model": "contenttypes.contenttype", "pk": 6, "fields": {"app_label": "sessions", "model": "session"}}, {"model": "contenttypes.contenttype", "pk": 7, "fields": {"app_label": "sites", "model": "site"}}, {"model": "contenttypes.contenttype", "pk": 8, "fields": {"app_label": "account", "model": "emailaddress"}}, {"model": "contenttypes.contenttype", "pk": 9, "fields": {"app_label": "account", "model": "emailconfirmation"}}, {"model": "contenttypes.contenttype", "pk": 10, "fields": {"app_label": "socialaccount", "model": "socialaccount"}}, {"model": "contenttypes.contenttype", "pk": 11, "fields": {"app_label": "socialaccount", "model": "socialapp"}}, {"model": "contenttypes.contenttype", "pk": 12, "fields": {"app_label": "socialaccount", "model": "socialtoken"}}, {"model": "contenttypes.contenttype", "pk": 13, "fields": {"app_label": "taggit", "model": "tag"}}, {"model": "contenttypes.contenttype", "pk": 14, "fields": {"app_label": "taggit", "model": "taggeditem"}}, {"model": "contenttypes.contenttype", "pk": 15, "fields": {"app_label": "lectures", "model": "section"}}, {"model": "contenttypes.contenttype", "pk": 16, "fields": {"app_label": "lectures", "model": "lecture"}}, {"model": "contenttypes.contenttype", "pk": 17, "fields": {"app_label": "lectures", "model": "lecturepublishedproxy"}}, {"model": "contenttypes.contenttype", "pk": 18, "fields": {"app_label": "courses", "model": "course"}}, {"model": "contenttypes.contenttype", "pk": 19, "fields": {"app_label": "courses", "model": "courserelated"}}, {"model": "contenttypes.contenttype", "pk": 20, "fields": {"app_label": "courses", "model": "courseitem"}}, {"model": "contenttypes.contenttype", "pk": 21, "fields": {"app_label": "tags", "model": "taggeditem"}}, {"model": "contenttypes.contenttype", "pk": 22, "fields": {"app_label": "ratings", "model": "rating"}}, {"model": "contenttypes.contenttype", "pk": 23, "fields": {"app_label": "billing", "model": "billingprofile"}}, {"model": "contenttypes.contenttype", "pk": 24, "fields": {"app_label": "billing", "model": "charge"}}, {"model": "contenttypes.contenttype", "pk": 25, "fields": {"app_label": "billing", "model": "card"}}, {"model": "contenttypes.contenttype", "pk": 26, "fields": {"app_label": "categories", "model": "category"}}, {"model": "contenttypes.contenttype", "pk": 27, "fields": {"app_label": "purchases", "model": "purchase"}}, {"model": "contenttypes.contenttype", "pk": 28, "fields": {"app_label": "purchases", "model": "coursepurchase"}}, {"model": "contenttypes.contenttype", "pk": 29, "fields": {"app_label": "marketing", "model": "marketingpreference"}}, {"model": "contenttypes.contenttype", "pk": 30, "fields": {"app_label": "addresses", "model": "address"}}, {"model": "contenttypes.contenttype", "pk": 31, "fields": {"app_label": "carts", "model": "cart"}}, {"model": "contenttypes.contenttype", "pk": 32, "fields": {"app_label": "instructors", "model": "instructor"}}, {"model": "contenttypes.contenttype", "pk": 33, "fields": {"app_label": "accounts", "model": "profile"}}, {"model": "contenttypes.contenttype", "pk": 34, "fields": {"app_label": "files", "model": "s3file"}}, {"model": "contenttypes.contenttype", "pk": 35, "fields": {"app_label": "files", "model": "coursefile"}}, {"model": "contenttypes.contenttype", "pk": 36, "fields": {"app_label": "orders", "model": "order"}}, {"model": "contenttypes.contenttype", "pk": 37, "fields": {"app_label": "orders", "model": "courseorder"}}, {"model": "contenttypes.contenttype", "pk": 38, "fields": {"app_label": "reviews", "model": "reviewrating"}}, {"model": "contenttypes.contenttype", "pk": 39, "fields": {"app_label": "authtoken", "model": "token"}}, {"model": "contenttypes.contenttype", "pk": 40, "fields": {"app_label": "authtoken", "model": "tokenproxy"}}, {"model": "contenttypes.contenttype", "pk": 41, "fields": {"app_label": "projects", "model": "testimonial"}}, {"model": "contenttypes.contenttype", "pk": 42, "fields": {"app_label": "projects", "model": "projectsection"}}, {"model": "contenttypes.contenttype", "pk": 43, "fields": {"app_label": "projects", "model": "project"}}, {"model": "contenttypes.contenttype", "pk": 44, "fields": {"app_label": "projects", "model": "syllabus"}}, {"model": "contenttypes.contenttype", "pk": 45, "fields": {"app_label": "projects", "model": "titledescription"}}, {"model": "contenttypes.contenttype", "pk": 46, "fields": {"app_label": "projects", "model": "projectrelated"}}, {"model": "contenttypes.contenttype", "pk": 47, "fields": {"app_label": "projects", "model": "learningoutcome"}}, {"model": "contenttypes.contenttype", "pk": 48, "fields": {"app_label": "files", "model": "projectfile"}}, {"model": "contenttypes.contenttype", "pk": 49, "fields": {"app_label": "targets", "model": "experience"}}, {"model": "contenttypes.contenttype", "pk": 50, "fields": {"app_label": "targets", "model": "requirement"}}, {"model": "contenttypes.contenttype", "pk": 51, "fields": {"app_label": "targets", "model": "goal"}}, {"model": "contenttypes.contenttype", "pk": 52, "fields": {"app_label": "pricing", "model": "pricing"}}, {"model": "contenttypes.contenttype", "pk": 53, "fields": {"app_label": "auths", "model": "userprofile"}}, {"model": "contenttypes.contenttype", "pk": 54, "fields": {"app_label": "orders", "model": "projectorder"}}, {"model": "contenttypes.contenttype", "pk": 55, "fields": {"app_label": "project_categories", "model": "projectcategory"}}, {"model": "contenttypes.contenttype", "pk": 56, "fields": {"app_label": "analytics", "model": "objectviewed"}}, {"model": "contenttypes.contenttype", "pk": 57, "fields": {"app_label": "analytics", "model": "lectureprogress"}}, {"model": "contenttypes.contenttype", "pk": 58, "fields": {"app_label": "pricing", "model": "projectpricing"}}, {"model": "sessions.session", "pk": "1fyge3q4bl6tv3yiclghmnd3mzvtq3iv", "fields": {"session_data": ".eJyNU9tu2kAQ_ZXWzxjW2MZgqVJJIIQ7CSQhVJU1sdf2Et_YXXOL-PfuYkhL1EZ988w5M2f2zPhNYalLIALXTfOEO0UUpQFJFPtNOaXlJ_EUO8mjqKTkDFPnd5jRdE08TBVbCdI0iLAiKBJWNM1CyNC1Wl1DBjJ1XTPqNYFGwLhz0ih6eMCxs0xJgt_b4i2n4AgAzur_7IdjIJHA4ZVC6EHyPZCJspvGAlxjSnyCPefE4jTHJSWBGIuKKcQ5jr40ZaHgBmSNE-cCE1kfYhLtzukzNyMuz6nMhJxnzK5UolAvFw5Ih9w04TjhcooKqJXmONSMDjHnAfFr5gPStuv72xeWLNK9H634TiV5MosGj24NdendN9aoqa60KnUhkiI4UTtXyuFQ2H-5kAwY26RUWvT1dlS9QePh9HnQa8_i4XJiQjyxsgez2wXLf7wPb682tVnm_3UNhDkszzAtJHyIGC70Tm-XZhAqqj5adGz1waBPtyKVOPj-u4pIgMuF_-cNXZyEUkVVTUV1FRmzatXWDRuhsm6ihSIMEY04lo6IS3QxY4JevEpAbpqdBoech04GFGJJkHXHAR3wPCqKsMj--OTK_-vGzrNnlMRAd0V4-FlSePqKk8ulQZYd21dL57_sD7UTX9lBtVEG1LynHgzrhC3aAz6_Q9du-2XjW8ko8zyy6Yer_mAyaIf-as2gNu4lN75LSd6ajPSn6-FoAr28ZS2X-82sHserFpr3dXgyjY5mjVQ-tAI2D1Kv86pF0-fVY9_oYf9p27aWdWu36u_Xu0ELL-4acTzuoLDTyc1N0tx3XUMNramaS5eP0zoMuxTzwmy8zYhw1QH-YXe6reu2WS83LLm7w-EXjAJ7Dg:1mBPSa:zLhya3Sw1VMEK6wdbizqRmdaY0dBUt2ehCyeoLDz64U", "expire_date": "2021-08-18T22:34:00.355Z"}}, {"model": "sessions.session", "pk": "1iu65cccdtkuaepzznbrb9ns80e37iwe", "fields": {"session_data": "eyJhbGxhdXRoX2ZhY2Vib29rX25vbmNlIjoiWHBOZDFaUG9IUWVFZ3hpQWxCZ0RUOTFUT0lZa1YxeGwifQ:1lwRUP:9nh8UG4yxHOB8WVhHFybDtI1HmBzZYsjYzsNFwnqux0", "expire_date": "2021-07-08T15:42:01.955Z"}}, {"model": "sessions.session", "pk": "1z86ppoxukxr9bgx4y9vz5yzq73ejurl", "fields": {"session_data": "e30:1m1MsI:F4ay8ollcfcng9SuEx4y9b41azh766jPwNz8Nn_ZrdU", "expire_date": "2021-07-22T05:47:02.176Z"}}, {"model": "sessions.session", "pk": "2bw9ye1bigori2eoaubnhv74japi0ioo", "fields": {"session_data": ".eJwdjcEKwjAQBf9lzz0okhY99iZFpFRoQSRslmhL02xtEhRK_93E2zvMm1kBjcHge_lE0op5lJYtaThBIUSjdDnWorq5FkN5zpvP1H_1Nd_79thBBo5pQINEHKyXzqOPx_sK88KknYsSw6_BJpJ4TtI4_7UZF5wSAFsGdXew76pW5rIb4LH9AAbWMk8:1lvOPf:bz0tSm5Sr5goefcVsvsqC4L2gTReN3tHFuZshQH0lyI", "expire_date": "2021-07-05T18:12:47.585Z"}}, {"model": "sessions.session", "pk": "5uqfiipu5a7dqrlryaw2oxe1r4flynpi", "fields": {"session_data": ".eJyNU2tv2jAU_SubPxNwwhtp0lIKlLWFFSgFpim6TZzgYuxgO5RQ8d_nNNCNaqv2Lfd1zvU5Ny9ICZ8CA98XCddeHjERUY5aL-iYzj5pgFo8YayAEkWk9zuMpdjSgEjUQpEQESPItGRlZNt1jCtlu9awcQVXy2W70qiZKgOlvSNHjhGAJt6ToJy8wZKdluCZApzY_4lH1kCZqcNKwjIA_jXKEkVfrE1xSyQNKQm8Y5eWCSkgDmtiJsawTgj75GaDpjeiW8K9s5rJhrCmLD2lT70x9XUis8xS61i1SiW2LBdzBTKFfME14TrbogRWyR0u7UqPVmcRDWvVe2zvtqOrR8UXYh-yjU4tmvAJu5n6NdyXd19Us2b5mVTCB5aREG71LtDhkMt_bkgMSj0LmUn0uWo_1Dkh8llez8JeZ6bxEPfb87hamau7q7G7SOiuc6-Cv9pAlaeSmMicIgSmSM53fHsmBpVm6r1Er1DvBPrQlYxJQxi-sZgE-Nrof3Lo7CSQgx3bwg3LwRNcbeFGq-oUG7i-QEYQA6TN2MvhyOlBEEiiFFGo9eODw_2vszmtE0u6Bpnm4eFnAWmxIvzcB4jjV3incPpx_mA79qMUnGYRsDuSAdx62O1ajojWo2ggeASO89jt3TZv0kEznMyu2WTiWfV5Ax46_bBdbvdXT70hvhx9D91OfyfcdqIXg8u6Jaae822-345TXL9opJthcyi5BSoZ4W9NGHYntD0Lb3QtifHlo72IYMPcXbLxBsLpXi8GK7D3o_30Dk8XaZOOt-i4raeIL4nOjSe7mBpVPdD5iw6Hwy-l-Whh:1mGwlw:h-xtLItrEv251zZO7NiBeZupyTtEU-wzeFyMG_UvJDA", "expire_date": "2021-09-03T05:08:52.852Z"}}, {"model": "sessions.session", "pk": "5wkvegic1cd27k1e9kn5qu3z9hviazzr", "fields": {"session_data": ".eJwdjb0KwjAURt_lzt0qCG4uDlrxh1ohIuF6ibUxzU2TdNDSdzdx-4bznTMBGoNjfMknknowv6VlSwpWsPZWHxYXjZ9zufwOejP4pi9Fq0SFVO9OUEBg6tAgEY82yhAxpuNtAueZVAhJYrjtbCaJXZam-a859NhnAOYCqqs6mrpRYr8t4T7_AGckMxY:1lvONQ:MtOPvDzgMsqaykERAKm-_marES02z6GErmywm-TVTCQ", "expire_date": "2021-07-05T18:10:28.946Z"}}, {"model": "sessions.session", "pk": "71bhv67bfbpb6oo9qkab7b5215lh3bz2", "fields": {"session_data": ".eJxVjMsOwiAQRf-FtSHlUUCX7vsNZJgZpGogKe3K-O_apAvd3nPOfYkI21ri1nmJM4mLUOL0uyXAB9cd0B3qrUlsdV3mJHdFHrTLqRE_r4f7d1Cgl28NzubgswU2CgEthKwUWUw-ecpae68NnUcyHAYgIh4HcOCI0BiVnRPvDwp4OOo:1m8TNq:C8r5VY2Ad-A09mw-sVQ9PnMxLumeP2sBO7Yzygln6wI", "expire_date": "2021-08-10T20:08:58.981Z"}}, {"model": "sessions.session", "pk": "80pkapdmqnt1ce3o73n277f29jnytrnl", "fields": {"session_data": "e30:1m1Myn:xmVzgO8zp5K_ILnABiskhdlI_Yd5HQBZpvA0bagijM0", "expire_date": "2021-07-22T05:53:45.316Z"}}, {"model": "sessions.session", "pk": "bjvkj9jmxa75fn043jefbwgvarw79c5y", "fields": {"session_data": ".eJxVjMsOwiAQRf-FtSHlUUCX7vsNZJgZpGogKe3K-O_apAvd3nPOfYkI21ri1nmJM4mLUOL0uyXAB9cd0B3qrUlsdV3mJHdFHrTLqRE_r4f7d1Cgl28NzubgswU2CgEthKwUWUw-ecpae68NnUcyHAYgIh4HcOCI0BiVnRPvDwp4OOo:1mAirT:FUgOlxROa4_KrJEiYtg9BzIE8CXMVeVMKFNpTmrR5Xc", "expire_date": "2021-08-17T01:04:51.380Z"}}, {"model": "sessions.session", "pk": "cihgdeieyr75l0o8z10j40fhcilw38c1", "fields": {"session_data": "eyJzb2NpYWxhY2NvdW50X3N0YXRlIjpbeyJwcm9jZXNzIjoibG9naW4iLCJzY29wZSI6IiIsImF1dGhfcGFyYW1zIjoiIn0sInhpZmhZMk5mRFh6SiJdfQ:1m1hty:qeBrTASNpY9T5B0yZgJRazSgEx7-fD36xtV2HhJKVsc", "expire_date": "2021-07-23T04:14:10.798Z"}}, {"model": "sessions.session", "pk": "gc20bz4y4avgwqx7g4gkb8l6eojbnywl", "fields": {"session_data": ".eJxVjksOgzAMBe-SNUJxPtCwKxdBjh0EKg0SCauqd29AVGoXXrw39sgvMeCep2FPYRtmFp0AJarf0iM9QjwILstR10i07jHX586FU30vKcQ8E-Z5jf119aeaME3Fox00wVvVsqEyHow0GuHmmFhaiSCdUqY1IzlmDYEMeYXajZYbpS0WKeGWz3d18w05PJPooBLIvIWUTmzeHw-hShE:1mDr5J:O08NzUMLAV6n5bLDKanSHSCeBwdAIvepv-iFRbBYf0Q", "expire_date": "2021-08-25T16:28:05.999Z"}}, {"model": "sessions.session", "pk": "i2oqwdjmo86tjhl0rjmmt0am0utt6ifs", "fields": {"session_data": ".eJyNU2tz2jgU_StdfU4cW37CTGcKlIaEEJoQmsDOjuciyVjgV2TZgXTy3ythk10yu539Jt1z7kPnXP1EZU44JEBIXmUybG5JvuYZ6v5EbVgfOUXdrEqSM1SVTIR_XwuR15wygbponefrhCFF0TCyTDfwPd8PLLfTMT3XsW1sKzSBUoZtj6YGBcnCTc4z9l6W7aSAUAFw7P6f9VgKPFE4bAXEJaRf1jpgkDxVYM0EjzijYcuSomJnKIOUqYwZpBVLPvV0ouKuec2y8ART0QhSnuyP4SO34ERWQkdiKYuye3GRxLbRKKAVInkmWSb1FBdw0es9PPWuX-ZL5zkdzKrL-ZV7M_rhRIMrv88cC8_3g5fptfs6HJerz2XHOydap5xAojuwDL29NcKfWlFAWb7kQovzxz7rVQs_tkZ1Mq9nV69z2d-s8XD4GNy631K8KOhY1DcPzr8awMuwrAommhYRJCVr-rWv1jJwobI-inMo9UGa3_qhO0mIovcuKgBEKuWP3pwsA8Imts7N4Nx0HjDu2rhruoaP3SVSgqhCkmlF1A4SVpaK3rxKQSQv2sGhknFYgIBUE3TeYcAQKBUqianon7_Z7_-1XcfZC8FTEPvm-vbXGZL5lmWnpkFRHMrjs-P_-ke3lo_2gDsGmL17QWHSefaGczmeTlZ9n1zGI-d1Uk-_vrgWfXp8TdXOOdkqX_rZJI7MuL4JL8c1n45uZ_1p_M0M8e6ezO_jzYOT-dvBuSDb71fbILkdPdumO-08j5Z3dwvLvO7E5k5pxB7vxrMCX_eq2Wbu9fr5ZMjxYj_brm-3zjIceF5Z10_bxQ6104YlI4LJRmy2K7hSNQT5wTv74J1jYDtYHrY5PPjyLjay0ElsBUTV1gDdQLbODf2hBF8ZmmK0aGlMcsqSfss9KRBDGWvbPCcK_MgBZlsEiANBZFnUISt_5dMIY9_HNu241GaBqTaCMtcEDzxKiW1bkeeht1-M0bCn:1mBRJM:1tUf0o2Z2KFLtLkQas_mTqc5i_bELod7pcKYvihuQlk", "expire_date": "2021-08-19T00:32:36.847Z"}}, {"model": "sessions.session", "pk": "lfxbpykakl7kvr7ac7ug2fi2ok9w3khg", "fields": {"session_data": "e30:1m1MiU:thOCY1fm4AGV7V1oht7b6czvQDR0FFqtwU_D3hSXnes", "expire_date": "2021-07-22T05:36:54.860Z"}}, {"model": "sessions.session", "pk": "mjh3devidg35uhwh5uzaz8dlqajg42fo", "fields": {"session_data": "e30:1m1MQV:8MbUXx8SIYB4mOUvRy1L62w6eocuF5vQcvfphsN3Wf8", "expire_date": "2021-07-22T05:18:19.819Z"}}, {"model": "sessions.session", "pk": "oe46tg6wqdq8oci2q7giot2abwguo87j", "fields": {"session_data": ".eJxVjrGOwjAMht_FM6pIU5LCyAYSnJjRqXLthBZK0mtS3VD13UkRw91m-fv8-5-gwjE21RjMULUMOxCw-rurkR7GLYDv6G4-I-_i0NbZomQfGrKTZ9PtP-6_gAZDk65RFbbUtkAjBSEVWFohuKBa15ptnmudS95uWJpyjcxsNmtUqJhJSmGVSqHBU4sdEvnRxSpEjAZ21wn6wZMJIT3p_K11i0m-TwzS-C7S44DPRYB5BZfwe_xS3Tke-Ae-5xeRrFZX:1mGxhI:tt-fbelqqzX87sH34DzpnZCvBrIZPjoiF5NVwMkt72o", "expire_date": "2021-09-03T06:08:08.237Z"}}, {"model": "sessions.session", "pk": "qihgv8r87l7o81yafpuv4bzowffe3wyc", "fields": {"session_data": ".eJwdjbEOgjAURf_lzQwkXdDRxJgYhEjAQWOa50tVoPY1bcGB8O-2bnc495wFUGucwls-kdSDeZSGDSnYwnn8duWlql0z54UQ9aFpr9Vxb_OwmXemcJCBZ-pRIxFPJkgfMMTjbQHrmJT3UaL51ZtEEtskjfNfs-jwkwBYM-gGJ7hlKu1pgPv6AwQNMpM:1lwVip:iKrT6HAkfWB9kVg_oEYIJERkhiXDPj2D8F_a2qP_Yqk", "expire_date": "2021-07-08T20:13:11.306Z"}}, {"model": "sessions.session", "pk": "qq2c4w61z8u9vja95p75oazpg0i2xbuf", "fields": {"session_data": "eyJzb2NpYWxhY2NvdW50X3N0YXRlIjpbeyJwcm9jZXNzIjoibG9naW4iLCJzY29wZSI6IiIsImF1dGhfcGFyYW1zIjoiIn0sIm5UU0w5cmp2NmRJTiJdfQ:1m1hRv:VquxEtxgGtyAAZsmnRMRuYagSfht_ZEdclaD2BTwPI4", "expire_date": "2021-07-23T03:45:11.619Z"}}, {"model": "sessions.session", "pk": "yeh93hkfirtpyft5p4ha75bezlfxanv9", "fields": {"session_data": "eyJzb2NpYWxhY2NvdW50X3N0YXRlIjpbeyJwcm9jZXNzIjoibG9naW4iLCJzY29wZSI6IiIsImF1dGhfcGFyYW1zIjoiIn0sInRNMGhCbWpkVTBYZSJdfQ:1m1hjC:tKuH_Dp0jQKZV5W-fGJlVzGyXo_QhfCnbDwt8rvCYcw", "expire_date": "2021-07-23T04:03:02.841Z"}}, {"model": "sites.site", "pk": 1, "fields": {"domain": "codefluent.org", "name": "codefluent.org"}}, {"model": "account.emailaddress", "pk": 7, "fields": {"user": 1, "email": "akrahdan@gmail.com", "verified": true, "primary": true}}, {"model": "account.emailaddress", "pk": 12, "fields": {"user": 12, "email": "akrahsam@gmail.com", "verified": true, "primary": true}}, {"model": "account.emailaddress", "pk": 14, "fields": {"user": 14, "email": "akrah001@d.umn.edu", "verified": false, "primary": true}}, {"model": "account.emailaddress", "pk": 15, "fields": {"user": 15, "email": "evebruk@gmail.com", "verified": true, "primary": true}}, {"model": "account.emailaddress", "pk": 16, "fields": {"user": 16, "email": "support@codefluent.org", "verified": false, "primary": true}}, {"model": "account.emailaddress", "pk": 18, "fields": {"user": 18, "email": "readuceai@gmail.com", "verified": true, "primary": true}}, {"model": "socialaccount.socialapp", "pk": 1, "fields": {"provider": "facebook", "name": "Facebook Oauth", "client_id": "605728263722567", "secret": "1fe6ace6b8c7e3d0ef81a4b4d53920a2", "key": "", "sites": [1]}}, {"model": "socialaccount.socialapp", "pk": 2, "fields": {"provider": "google", "name": "Google OAuth", "client_id": "363718375398-hd120jth4bn229h0uta9jl691akg40f4.apps.googleusercontent.com", "secret": "WfBz5stAFnliOjMUJzF8i4Ar", "key": "", "sites": [1]}}, {"model": "socialaccount.socialaccount", "pk": 3, "fields": {"user": 15, "provider": "google", "uid": "111611402824330544517", "last_login": "2021-07-09T16:13:27.408Z", "date_joined": "2021-07-09T15:22:18.891Z", "extra_data": "{\"id\": \"111611402824330544517\", \"email\": \"evebruk@gmail.com\", \"verified_email\": true, \"name\": \"Evelyn Brookman\", \"given_name\": \"Evelyn\", \"family_name\": \"Brookman\", \"picture\": \"https://lh3.googleusercontent.com/a-/AOh14GhUZjNz4ygJdi_d_ER7jDpx6ruJpUTUzRWZCnD95Q=s96-c\", \"locale\": \"en\"}"}}, {"model": "socialaccount.socialaccount", "pk": 5, "fields": {"user": 18, "provider": "google", "uid": "111554220352336301088", "last_login": "2021-08-20T06:09:02.501Z", "date_joined": "2021-08-20T05:32:47.077Z", "extra_data": "{\"id\": \"111554220352336301088\", \"email\": \"readuceai@gmail.com\", \"verified_email\": true, \"name\": \"Readuce AI\", \"given_name\": \"Readuce\", \"family_name\": \"AI\", \"picture\": \"https://lh3.googleusercontent.com/a/AATXAJx0A-3KyPY9XWcUbd6Rr06a-NeJ0vp3cedVA4Nl=s96-c\", \"locale\": \"en\"}"}}, {"model": "socialaccount.socialtoken", "pk": 3, "fields": {"app": 2, "account": 3, "token": "ya29.a0ARrdaM8a-h4UDzHtB1BhQiuk4ZMnOA38fv6ifjl5xUVc1eE-gvZRFHJOV6hrF1jM1GtZOrwoG2vRXhvjzNzTwB2MRstE_tsWYNIusI-1_0jwOy3K2cUR4yyNLHZQkzdYnxwrE-T7aixn6RA9ZXSDRCVh9BXi", "token_secret": "", "expires_at": "2021-07-09T17:13:26.043Z"}}, {"model": "socialaccount.socialtoken", "pk": 5, "fields": {"app": 2, "account": 5, "token": "ya29.a0ARrdaM9lF0crc4reYESp03MEDygYpwz9NiRnWUcajQxOvqBlEjaOOThXIMLZsKA81yOVUjyEyyWWukdGG8ezNgaVzj1dSGPeKDppdsROJoq32DC4QzQ1fkmA7CDrl30pv1FKLgM8KBdIe7tLyqzu3bwFGRqD", "token_secret": "", "expires_at": null}}, {"model": "authtoken.token", "pk": "25434f134a65da96277d0bbdd41b322d6ffba71d", "fields": {"user": 12, "created": "2021-08-05T01:32:30.353Z"}}, {"model": "taggit.tag", "pk": 1, "fields": {"name": ":", "slug": ""}}, {"model": "taggit.tag", "pk": 2, "fields": {"name": "{", "slug": "_1"}}, {"model": "taggit.tag", "pk": 3, "fields": {"name": "value", "slug": "value"}}, {"model": "taggit.tag", "pk": 4, "fields": {"name": "[{", "slug": "_2"}}, {"model": "taggit.tag", "pk": 5, "fields": {"name": "Frontend developer", "slug": "frontend-developer"}}, {"model": "taggit.tag", "pk": 6, "fields": {"name": "}]", "slug": "_3"}}, {"model": "taggit.tag", "pk": 7, "fields": {"name": "}", "slug": "_4"}}, {"model": "taggit.tag", "pk": 8, "fields": {"name": "Bootstrap", "slug": "bootstrap"}}, {"model": "taggit.tag", "pk": 9, "fields": {"name": "Python Developer", "slug": "python-developer"}}, {"model": "taggit.tag", "pk": 10, "fields": {"name": "Nodejs", "slug": "nodejs"}}, {"model": "taggit.tag", "pk": 11, "fields": {"name": "Javascript", "slug": "javascript"}}, {"model": "taggit.tag", "pk": 12, "fields": {"name": "JQuery", "slug": "jquery"}}, {"model": "taggit.tag", "pk": 13, "fields": {"name": "JSON", "slug": "json"}}, {"model": "taggit.tag", "pk": 14, "fields": {"name": "C language", "slug": "c-language"}}, {"model": "taggit.tag", "pk": 15, "fields": {"name": "CSS", "slug": "css"}}, {"model": "taggit.tag", "pk": 16, "fields": {"name": "HTML", "slug": "html"}}, {"model": "taggit.tag", "pk": 17, "fields": {"name": "HTTML", "slug": "httml"}}, {"model": "taggit.tag", "pk": 18, "fields": {"name": "GraphQL", "slug": "graphql"}}, {"model": "taggit.tag", "pk": 19, "fields": {"name": "Python Fundamentals", "slug": "python-fundamentals"}}, {"model": "taggit.tag", "pk": 20, "fields": {"name": "CSS Machine Learning", "slug": "css-machine-learning"}}, {"model": "taggit.tag", "pk": 21, "fields": {"name": "Mango", "slug": "mango"}}, {"model": "taggit.tag", "pk": 22, "fields": {"name": "What is", "slug": "what-is"}}, {"model": "taggit.taggeditem", "pk": 9, "fields": {"tag": 1, "content_type": 32, "object_id": 2}}, {"model": "taggit.taggeditem", "pk": 10, "fields": {"tag": 2, "content_type": 32, "object_id": 2}}, {"model": "taggit.taggeditem", "pk": 11, "fields": {"tag": 3, "content_type": 32, "object_id": 2}}, {"model": "taggit.taggeditem", "pk": 12, "fields": {"tag": 4, "content_type": 32, "object_id": 2}}, {"model": "taggit.taggeditem", "pk": 13, "fields": {"tag": 6, "content_type": 32, "object_id": 2}}, {"model": "taggit.taggeditem", "pk": 14, "fields": {"tag": 7, "content_type": 32, "object_id": 2}}, {"model": "taggit.taggeditem", "pk": 15, "fields": {"tag": 9, "content_type": 32, "object_id": 2}}, {"model": "taggit.taggeditem", "pk": 16, "fields": {"tag": 10, "content_type": 32, "object_id": 2}}, {"model": "taggit.taggeditem", "pk": 17, "fields": {"tag": 11, "content_type": 32, "object_id": 2}}, {"model": "taggit.taggeditem", "pk": 18, "fields": {"tag": 11, "content_type": 18, "object_id": 1}}, {"model": "taggit.taggeditem", "pk": 19, "fields": {"tag": 12, "content_type": 18, "object_id": 1}}, {"model": "taggit.taggeditem", "pk": 20, "fields": {"tag": 13, "content_type": 18, "object_id": 1}}, {"model": "taggit.taggeditem", "pk": 21, "fields": {"tag": 11, "content_type": 18, "object_id": 2}}, {"model": "taggit.taggeditem", "pk": 22, "fields": {"tag": 14, "content_type": 18, "object_id": 2}}, {"model": "taggit.taggeditem", "pk": 23, "fields": {"tag": 16, "content_type": 18, "object_id": 3}}, {"model": "taggit.taggeditem", "pk": 24, "fields": {"tag": 11, "content_type": 18, "object_id": 3}}, {"model": "taggit.taggeditem", "pk": 25, "fields": {"tag": 15, "content_type": 18, "object_id": 3}}, {"model": "taggit.taggeditem", "pk": 26, "fields": {"tag": 8, "content_type": 18, "object_id": 4}}, {"model": "taggit.taggeditem", "pk": 27, "fields": {"tag": 17, "content_type": 43, "object_id": 1}}, {"model": "taggit.taggeditem", "pk": 28, "fields": {"tag": 18, "content_type": 43, "object_id": 1}}, {"model": "taggit.taggeditem", "pk": 29, "fields": {"tag": 19, "content_type": 43, "object_id": 1}}, {"model": "taggit.taggeditem", "pk": 30, "fields": {"tag": 20, "content_type": 43, "object_id": 1}}, {"model": "taggit.taggeditem", "pk": 31, "fields": {"tag": 17, "content_type": 43, "object_id": 2}}, {"model": "taggit.taggeditem", "pk": 32, "fields": {"tag": 18, "content_type": 43, "object_id": 2}}, {"model": "taggit.taggeditem", "pk": 33, "fields": {"tag": 19, "content_type": 43, "object_id": 2}}, {"model": "taggit.taggeditem", "pk": 34, "fields": {"tag": 20, "content_type": 43, "object_id": 2}}, {"model": "taggit.taggeditem", "pk": 35, "fields": {"tag": 8, "content_type": 18, "object_id": 24}}, {"model": "taggit.taggeditem", "pk": 36, "fields": {"tag": 10, "content_type": 18, "object_id": 24}}, {"model": "taggit.taggeditem", "pk": 37, "fields": {"tag": 11, "content_type": 18, "object_id": 24}}, {"model": "taggit.taggeditem", "pk": 38, "fields": {"tag": 18, "content_type": 18, "object_id": 25}}, {"model": "taggit.taggeditem", "pk": 39, "fields": {"tag": 21, "content_type": 18, "object_id": 25}}, {"model": "taggit.taggeditem", "pk": 40, "fields": {"tag": 9, "content_type": 18, "object_id": 24}}, {"model": "taggit.taggeditem", "pk": 44, "fields": {"tag": 9, "content_type": 43, "object_id": 9}}, {"model": "analytics.objectviewed", "pk": 3, "fields": {"user": 12, "content_type": 16, "object_id": 53, "timestamp": "2021-08-11T00:21:47.622Z"}}, {"model": "analytics.objectviewed", "pk": 4, "fields": {"user": 12, "content_type": 16, "object_id": 52, "timestamp": "2021-08-11T00:51:53.480Z"}}, {"model": "analytics.objectviewed", "pk": 5, "fields": {"user": 12, "content_type": 16, "object_id": 53, "timestamp": "2021-08-11T00:57:18.251Z"}}, {"model": "analytics.objectviewed", "pk": 6, "fields": {"user": 12, "content_type": 16, "object_id": 52, "timestamp": "2021-08-11T01:02:01.155Z"}}, {"model": "analytics.objectviewed", "pk": 7, "fields": {"user": 12, "content_type": 16, "object_id": 55, "timestamp": "2021-08-11T01:05:40.870Z"}}, {"model": "analytics.objectviewed", "pk": 8, "fields": {"user": 12, "content_type": 16, "object_id": 52, "timestamp": "2021-08-11T01:40:25.045Z"}}, {"model": "analytics.objectviewed", "pk": 9, "fields": {"user": 12, "content_type": 16, "object_id": 53, "timestamp": "2021-08-11T01:40:33.748Z"}}, {"model": "analytics.objectviewed", "pk": 10, "fields": {"user": 12, "content_type": 16, "object_id": 52, "timestamp": "2021-08-11T01:40:35.886Z"}}, {"model": "analytics.objectviewed", "pk": 11, "fields": {"user": 12, "content_type": 16, "object_id": 52, "timestamp": "2021-08-11T03:10:54.449Z"}}, {"model": "analytics.objectviewed", "pk": 12, "fields": {"user": 12, "content_type": 16, "object_id": 53, "timestamp": "2021-08-11T03:10:58.968Z"}}, {"model": "analytics.objectviewed", "pk": 13, "fields": {"user": 12, "content_type": 16, "object_id": 54, "timestamp": "2021-08-11T03:11:01.723Z"}}, {"model": "analytics.objectviewed", "pk": 14, "fields": {"user": 12, "content_type": 16, "object_id": 52, "timestamp": "2021-08-11T03:18:21.054Z"}}, {"model": "analytics.objectviewed", "pk": 15, "fields": {"user": 12, "content_type": 16, "object_id": 53, "timestamp": "2021-08-11T03:18:24.938Z"}}, {"model": "analytics.objectviewed", "pk": 16, "fields": {"user": 12, "content_type": 16, "object_id": 54, "timestamp": "2021-08-11T03:18:27.222Z"}}, {"model": "analytics.objectviewed", "pk": 17, "fields": {"user": 12, "content_type": 16, "object_id": 55, "timestamp": "2021-08-11T03:18:30.858Z"}}, {"model": "analytics.objectviewed", "pk": 18, "fields": {"user": 12, "content_type": 16, "object_id": 56, "timestamp": "2021-08-11T03:18:33.405Z"}}, {"model": "analytics.objectviewed", "pk": 19, "fields": {"user": 12, "content_type": 16, "object_id": 53, "timestamp": "2021-08-11T03:18:37.599Z"}}, {"model": "analytics.objectviewed", "pk": 20, "fields": {"user": 12, "content_type": 16, "object_id": 52, "timestamp": "2021-08-11T03:18:39.435Z"}}, {"model": "analytics.objectviewed", "pk": 21, "fields": {"user": 12, "content_type": 16, "object_id": 55, "timestamp": "2021-08-11T03:18:42.639Z"}}, {"model": "analytics.objectviewed", "pk": 22, "fields": {"user": 12, "content_type": 16, "object_id": 56, "timestamp": "2021-08-11T03:18:51.781Z"}}, {"model": "analytics.objectviewed", "pk": 23, "fields": {"user": 12, "content_type": 16, "object_id": 55, "timestamp": "2021-08-11T03:19:07.085Z"}}, {"model": "analytics.objectviewed", "pk": 24, "fields": {"user": 12, "content_type": 16, "object_id": 56, "timestamp": "2021-08-11T03:19:10.522Z"}}, {"model": "analytics.objectviewed", "pk": 25, "fields": {"user": 12, "content_type": 16, "object_id": 55, "timestamp": "2021-08-11T03:27:18.793Z"}}, {"model": "analytics.objectviewed", "pk": 26, "fields": {"user": 12, "content_type": 16, "object_id": 56, "timestamp": "2021-08-11T03:27:20.298Z"}}, {"model": "analytics.objectviewed", "pk": 27, "fields": {"user": 12, "content_type": 16, "object_id": 54, "timestamp": "2021-08-11T05:19:40.296Z"}}, {"model": "analytics.objectviewed", "pk": 28, "fields": {"user": 12, "content_type": 16, "object_id": 53, "timestamp": "2021-08-11T05:19:43.694Z"}}, {"model": "analytics.objectviewed", "pk": 29, "fields": {"user": 12, "content_type": 16, "object_id": 55, "timestamp": "2021-08-11T05:21:41.616Z"}}, {"model": "analytics.objectviewed", "pk": 30, "fields": {"user": 12, "content_type": 16, "object_id": 52, "timestamp": "2021-08-11T05:30:58.457Z"}}, {"model": "analytics.objectviewed", "pk": 31, "fields": {"user": 12, "content_type": 16, "object_id": 53, "timestamp": "2021-08-11T05:31:00.685Z"}}, {"model": "analytics.objectviewed", "pk": 32, "fields": {"user": 12, "content_type": 16, "object_id": 52, "timestamp": "2021-08-11T12:54:08.901Z"}}, {"model": "analytics.objectviewed", "pk": 33, "fields": {"user": 12, "content_type": 16, "object_id": 54, "timestamp": "2021-08-11T12:54:21.317Z"}}, {"model": "analytics.objectviewed", "pk": 34, "fields": {"user": 12, "content_type": 16, "object_id": 55, "timestamp": "2021-08-11T12:58:59.967Z"}}, {"model": "analytics.objectviewed", "pk": 35, "fields": {"user": 12, "content_type": 16, "object_id": 56, "timestamp": "2021-08-11T12:59:02.058Z"}}, {"model": "analytics.objectviewed", "pk": 36, "fields": {"user": 12, "content_type": 16, "object_id": 55, "timestamp": "2021-08-11T13:00:23.800Z"}}, {"model": "analytics.objectviewed", "pk": 37, "fields": {"user": 12, "content_type": 16, "object_id": 53, "timestamp": "2021-08-11T14:42:24.481Z"}}, {"model": "analytics.objectviewed", "pk": 38, "fields": {"user": 12, "content_type": 16, "object_id": 55, "timestamp": "2021-08-11T14:47:16.461Z"}}, {"model": "analytics.objectviewed", "pk": 39, "fields": {"user": 12, "content_type": 16, "object_id": 52, "timestamp": "2021-08-13T03:24:43.638Z"}}, {"model": "analytics.objectviewed", "pk": 40, "fields": {"user": 12, "content_type": 16, "object_id": 53, "timestamp": "2021-08-15T06:25:48.701Z"}}, {"model": "analytics.objectviewed", "pk": 41, "fields": {"user": 12, "content_type": 16, "object_id": 52, "timestamp": "2021-08-15T06:25:55.612Z"}}, {"model": "analytics.objectviewed", "pk": 42, "fields": {"user": 12, "content_type": 16, "object_id": 54, "timestamp": "2021-08-15T06:26:00.843Z"}}, {"model": "analytics.objectviewed", "pk": 43, "fields": {"user": 12, "content_type": 16, "object_id": 53, "timestamp": "2021-08-15T06:26:05.362Z"}}, {"model": "analytics.objectviewed", "pk": 44, "fields": {"user": 12, "content_type": 16, "object_id": 52, "timestamp": "2021-08-15T06:26:11.186Z"}}, {"model": "analytics.objectviewed", "pk": 45, "fields": {"user": 12, "content_type": 16, "object_id": 53, "timestamp": "2021-08-15T06:26:27.310Z"}}, {"model": "analytics.objectviewed", "pk": 46, "fields": {"user": 12, "content_type": 16, "object_id": 52, "timestamp": "2021-08-15T06:26:30.863Z"}}, {"model": "analytics.objectviewed", "pk": 47, "fields": {"user": 12, "content_type": 16, "object_id": 53, "timestamp": "2021-08-15T06:27:58.213Z"}}, {"model": "analytics.objectviewed", "pk": 48, "fields": {"user": 12, "content_type": 16, "object_id": 54, "timestamp": "2021-08-15T06:28:04.487Z"}}, {"model": "analytics.objectviewed", "pk": 49, "fields": {"user": 12, "content_type": 16, "object_id": 52, "timestamp": "2021-08-15T06:28:09.475Z"}}, {"model": "analytics.objectviewed", "pk": 50, "fields": {"user": 12, "content_type": 16, "object_id": 53, "timestamp": "2021-08-15T06:28:11.807Z"}}, {"model": "analytics.objectviewed", "pk": 51, "fields": {"user": 12, "content_type": 16, "object_id": 54, "timestamp": "2021-08-15T06:28:13.924Z"}}, {"model": "analytics.objectviewed", "pk": 52, "fields": {"user": 12, "content_type": 16, "object_id": 53, "timestamp": "2021-08-15T06:31:43.873Z"}}, {"model": "analytics.objectviewed", "pk": 53, "fields": {"user": 12, "content_type": 16, "object_id": 56, "timestamp": "2021-08-15T06:31:51.498Z"}}, {"model": "analytics.objectviewed", "pk": 54, "fields": {"user": 12, "content_type": 16, "object_id": 52, "timestamp": "2021-08-15T06:32:08.119Z"}}, {"model": "analytics.objectviewed", "pk": 55, "fields": {"user": 12, "content_type": 16, "object_id": 56, "timestamp": "2021-08-15T06:32:22.579Z"}}, {"model": "analytics.objectviewed", "pk": 56, "fields": {"user": 12, "content_type": 16, "object_id": 53, "timestamp": "2021-08-15T06:34:18.242Z"}}, {"model": "analytics.objectviewed", "pk": 57, "fields": {"user": 12, "content_type": 16, "object_id": 56, "timestamp": "2021-08-15T06:34:26.388Z"}}, {"model": "analytics.objectviewed", "pk": 58, "fields": {"user": 12, "content_type": 16, "object_id": 54, "timestamp": "2021-08-15T06:34:44.778Z"}}, {"model": "analytics.objectviewed", "pk": 59, "fields": {"user": 12, "content_type": 16, "object_id": 53, "timestamp": "2021-08-15T06:35:38.191Z"}}, {"model": "analytics.objectviewed", "pk": 60, "fields": {"user": 12, "content_type": 16, "object_id": 54, "timestamp": "2021-08-15T06:35:43.804Z"}}, {"model": "analytics.objectviewed", "pk": 61, "fields": {"user": 12, "content_type": 16, "object_id": 56, "timestamp": "2021-08-15T06:35:47.102Z"}}, {"model": "analytics.objectviewed", "pk": 62, "fields": {"user": 12, "content_type": 16, "object_id": 52, "timestamp": "2021-08-15T17:44:42.148Z"}}, {"model": "analytics.objectviewed", "pk": 63, "fields": {"user": 12, "content_type": 16, "object_id": 53, "timestamp": "2021-08-15T17:44:45.477Z"}}, {"model": "analytics.objectviewed", "pk": 64, "fields": {"user": 12, "content_type": 16, "object_id": 54, "timestamp": "2021-08-15T17:45:22.893Z"}}, {"model": "analytics.objectviewed", "pk": 65, "fields": {"user": 12, "content_type": 16, "object_id": 52, "timestamp": "2021-08-15T19:57:05.441Z"}}, {"model": "analytics.objectviewed", "pk": 66, "fields": {"user": 12, "content_type": 16, "object_id": 53, "timestamp": "2021-08-15T20:26:02.535Z"}}, {"model": "analytics.objectviewed", "pk": 67, "fields": {"user": 12, "content_type": 16, "object_id": 54, "timestamp": "2021-08-15T20:30:04.602Z"}}, {"model": "analytics.objectviewed", "pk": 68, "fields": {"user": 12, "content_type": 16, "object_id": 55, "timestamp": "2021-08-15T20:44:21.631Z"}}, {"model": "analytics.objectviewed", "pk": 69, "fields": {"user": 12, "content_type": 16, "object_id": 55, "timestamp": "2021-08-15T20:47:27.363Z"}}, {"model": "analytics.objectviewed", "pk": 70, "fields": {"user": 12, "content_type": 16, "object_id": 56, "timestamp": "2021-08-15T20:50:38.404Z"}}, {"model": "analytics.objectviewed", "pk": 71, "fields": {"user": 12, "content_type": 16, "object_id": 52, "timestamp": "2021-08-15T22:21:04.116Z"}}, {"model": "analytics.objectviewed", "pk": 72, "fields": {"user": 12, "content_type": 16, "object_id": 54, "timestamp": "2021-08-15T22:21:08.908Z"}}, {"model": "analytics.objectviewed", "pk": 73, "fields": {"user": 12, "content_type": 16, "object_id": 56, "timestamp": "2021-08-15T22:43:16.232Z"}}, {"model": "analytics.objectviewed", "pk": 74, "fields": {"user": 12, "content_type": 16, "object_id": 56, "timestamp": "2021-08-15T22:48:54.096Z"}}, {"model": "analytics.objectviewed", "pk": 75, "fields": {"user": 12, "content_type": 16, "object_id": 56, "timestamp": "2021-08-16T02:37:14.666Z"}}, {"model": "analytics.objectviewed", "pk": 76, "fields": {"user": 12, "content_type": 16, "object_id": 52, "timestamp": "2021-08-16T12:56:19.294Z"}}, {"model": "analytics.objectviewed", "pk": 77, "fields": {"user": 12, "content_type": 16, "object_id": 53, "timestamp": "2021-08-16T12:56:32.810Z"}}, {"model": "analytics.objectviewed", "pk": 78, "fields": {"user": 12, "content_type": 16, "object_id": 54, "timestamp": "2021-08-16T12:56:39.005Z"}}, {"model": "analytics.objectviewed", "pk": 79, "fields": {"user": 12, "content_type": 16, "object_id": 53, "timestamp": "2021-08-16T12:56:52.167Z"}}, {"model": "analytics.objectviewed", "pk": 80, "fields": {"user": 12, "content_type": 16, "object_id": 56, "timestamp": "2021-08-16T13:05:30.933Z"}}, {"model": "analytics.objectviewed", "pk": 81, "fields": {"user": 12, "content_type": 16, "object_id": 52, "timestamp": "2021-08-16T13:08:21.373Z"}}, {"model": "analytics.objectviewed", "pk": 82, "fields": {"user": 12, "content_type": 16, "object_id": 53, "timestamp": "2021-08-16T13:08:23.946Z"}}, {"model": "analytics.objectviewed", "pk": 83, "fields": {"user": 12, "content_type": 16, "object_id": 55, "timestamp": "2021-08-16T13:16:40.497Z"}}, {"model": "analytics.objectviewed", "pk": 84, "fields": {"user": 12, "content_type": 16, "object_id": 54, "timestamp": "2021-08-16T13:16:46.173Z"}}, {"model": "analytics.objectviewed", "pk": 85, "fields": {"user": 12, "content_type": 16, "object_id": 53, "timestamp": "2021-08-16T13:16:49.218Z"}}, {"model": "analytics.objectviewed", "pk": 86, "fields": {"user": 12, "content_type": 16, "object_id": 55, "timestamp": "2021-08-16T13:54:42.273Z"}}, {"model": "analytics.objectviewed", "pk": 87, "fields": {"user": 12, "content_type": 16, "object_id": 52, "timestamp": "2021-08-16T14:30:45.301Z"}}, {"model": "analytics.objectviewed", "pk": 88, "fields": {"user": 12, "content_type": 16, "object_id": 53, "timestamp": "2021-08-16T14:30:58.766Z"}}, {"model": "analytics.objectviewed", "pk": 89, "fields": {"user": 12, "content_type": 16, "object_id": 53, "timestamp": "2021-08-16T14:31:02.794Z"}}, {"model": "analytics.objectviewed", "pk": 90, "fields": {"user": 12, "content_type": 16, "object_id": 53, "timestamp": "2021-08-16T14:31:07.335Z"}}, {"model": "analytics.objectviewed", "pk": 91, "fields": {"user": 12, "content_type": 16, "object_id": 53, "timestamp": "2021-08-16T14:31:09.683Z"}}, {"model": "analytics.objectviewed", "pk": 92, "fields": {"user": 12, "content_type": 16, "object_id": 54, "timestamp": "2021-08-16T14:31:18.318Z"}}, {"model": "analytics.objectviewed", "pk": 93, "fields": {"user": 12, "content_type": 16, "object_id": 53, "timestamp": "2021-08-16T14:32:06.630Z"}}, {"model": "analytics.objectviewed", "pk": 94, "fields": {"user": 12, "content_type": 16, "object_id": 52, "timestamp": "2021-08-16T14:32:09.031Z"}}, {"model": "analytics.objectviewed", "pk": 95, "fields": {"user": 12, "content_type": 16, "object_id": 32, "timestamp": "2021-08-16T15:26:58.408Z"}}, {"model": "analytics.lectureprogress", "pk": 1, "fields": {"user": 12, "lecture": 52, "thumbnail": "https://cdn.filestackcontent.com/0yrKCQVDQqebQu6rISrC", "progress": 11.26538, "timestamp": "2021-08-15T22:14:00.610Z", "updated": "2021-08-16T14:32:17.967Z", "complete": false}}, {"model": "analytics.lectureprogress", "pk": 2, "fields": {"user": 12, "lecture": 55, "thumbnail": "https://cdn.filestackcontent.com/NZCJgNAGQ8ulmf753s1D", "progress": 192.0, "timestamp": "2021-08-15T22:14:00.610Z", "updated": "2021-08-16T13:54:50.742Z", "complete": false}}, {"model": "analytics.lectureprogress", "pk": 3, "fields": {"user": 12, "lecture": 56, "thumbnail": "https://cdn.filestackcontent.com/fE30gUJtQx6jhJkUrWVK", "progress": 146.408572, "timestamp": "2021-08-15T22:14:00.610Z", "updated": "2021-08-16T14:29:37.725Z", "complete": true}}, {"model": "analytics.lectureprogress", "pk": 4, "fields": {"user": 12, "lecture": 54, "thumbnail": "https://cdn.filestackcontent.com/B2gZkcwaQXeCL2gRQckd", "progress": 11.490195, "timestamp": "2021-08-15T22:14:00.610Z", "updated": "2021-08-16T14:31:26.653Z", "complete": false}}, {"model": "analytics.lectureprogress", "pk": 5, "fields": {"user": 12, "lecture": 53, "thumbnail": "https://cdn.filestackcontent.com/OR2MOtV4RhKnZP4xVd4r", "progress": 0.0, "timestamp": "2021-08-15T22:14:00.610Z", "updated": "2021-08-16T14:32:16.157Z", "complete": false}}, {"model": "analytics.lectureprogress", "pk": 6, "fields": {"user": 12, "lecture": 32, "thumbnail": "https://cdn.filestackcontent.com/oGHotcSpQt2AfdAYqOQx", "progress": 292.198263, "timestamp": "2021-08-16T15:24:50.820Z", "updated": "2021-08-16T15:28:04.404Z", "complete": true}}, {"model": "analytics.lectureprogress", "pk": 7, "fields": {"user": 12, "lecture": 38, "thumbnail": "https://cdn.filestackcontent.com/ymxsh5PMQpGBWc7KvRJo", "progress": 0.0, "timestamp": "2021-08-16T15:24:50.824Z", "updated": "2021-08-16T15:24:50.824Z", "complete": false}}, {"model": "lectures.section", "pk": 96, "fields": {"order": 1, "title": "Introduction", "instructor": 4, "description": null, "course": 24, "neighbor": null, "position": null}}, {"model": "lectures.section", "pk": 100, "fields": {"order": 0, "title": "Getting to School", "instructor": 4, "description": "Trying out for now", "course": 24, "neighbor": 96, "position": "above"}}, {"model": "lectures.section", "pk": 104, "fields": {"order": 2, "title": "Introduction", "instructor": 3, "description": null, "course": 27, "neighbor": null, "position": null}}, {"model": "lectures.section", "pk": 105, "fields": {"order": 3, "title": "Graduate Student", "instructor": 3, "description": "Get it done for you", "course": 27, "neighbor": 104, "position": "below"}}, {"model": "lectures.section", "pk": 106, "fields": {"order": 4, "title": "Introduction", "instructor": 3, "description": null, "course": 25, "neighbor": null, "position": null}}, {"model": "lectures.section", "pk": 107, "fields": {"order": 5, "title": "Graphene for Python", "instructor": 3, "description": "", "course": 25, "neighbor": 106, "position": "below"}}, {"model": "lectures.section", "pk": 108, "fields": {"order": 6, "title": "Introduction", "instructor": 4, "description": null, "course": 4, "neighbor": null, "position": null}}, {"model": "lectures.section", "pk": 109, "fields": {"order": 7, "title": "Introduction", "instructor": 4, "description": null, "course": 28, "neighbor": null, "position": null}}, {"model": "lectures.lecture", "pk": 32, "fields": {"order": 0, "title": "Fundamentalsv2 fir tiy 2", "instructor": 4, "description": null, "section": 96, "slug": "fundamentals", "lecture_id": "otqvq0f5ij", "active": true, "timestamp": "2021-07-29T03:48:40.576Z", "duration": null, "updated": "2021-07-29T03:48:40.576Z", "state": "DR", "publish_timestamp": null, "video_url": "https://cdn.filestackcontent.com/1JFSfC6vTMaFbCynC4Bp", "video": 92, "filename": null, "neighbor": null, "position": "above", "resources": []}}, {"model": "lectures.lecture", "pk": 38, "fields": {"order": 3, "title": "Well come to Ghana we", "instructor": 4, "description": null, "section": 100, "slug": "well-come-to-ghana", "lecture_id": "b2ya1gyn76", "active": true, "timestamp": "2021-07-29T06:03:33.946Z", "duration": null, "updated": "2021-07-29T06:03:33.946Z", "state": "DR", "publish_timestamp": null, "video_url": "https://cdn.filestackcontent.com/12aWM6j5TVyGBxWw6Ot1", "video": 61, "filename": null, "neighbor": null, "position": "above", "resources": [99]}}, {"model": "lectures.lecture", "pk": 43, "fields": {"order": 12, "title": "Introduction and Preview", "instructor": 3, "description": null, "section": 104, "slug": "introduction-and-preview", "lecture_id": "3l3x0wcpig", "active": true, "timestamp": "2021-08-05T01:35:14.588Z", "duration": null, "updated": "2021-08-05T01:35:14.588Z", "state": "DRAFT", "publish_timestamp": null, "video_url": "https://cdn.filestackcontent.com/TeS1q45TFCoOc6pXHvA2", "video": 103, "filename": null, "neighbor": null, "position": "above", "resources": [104]}}, {"model": "lectures.lecture", "pk": 44, "fields": {"order": 11, "title": "Advanced GrapQL", "instructor": 3, "description": null, "section": 104, "slug": "advanced-grapql", "lecture_id": "okkac43jwh", "active": true, "timestamp": "2021-08-05T01:36:14.288Z", "duration": null, "updated": "2021-08-05T01:36:14.288Z", "state": "DRAFT", "publish_timestamp": null, "video_url": null, "video": null, "filename": null, "neighbor": 43, "position": "above", "resources": []}}, {"model": "lectures.lecture", "pk": 45, "fields": {"order": 14, "title": "GraphQL", "instructor": 3, "description": null, "section": 104, "slug": "graphql", "lecture_id": "z710x4jh9t", "active": true, "timestamp": "2021-08-05T01:36:24.872Z", "duration": null, "updated": "2021-08-05T01:36:24.872Z", "state": "DRAFT", "publish_timestamp": null, "video_url": null, "video": null, "filename": null, "neighbor": 43, "position": "below", "resources": []}}, {"model": "lectures.lecture", "pk": 46, "fields": {"order": 13, "title": "Founder and CEO", "instructor": 3, "description": null, "section": 104, "slug": "founder-and-ceoklajn", "lecture_id": "3zino6r5gf", "active": true, "timestamp": "2021-08-05T01:36:41.475Z", "duration": null, "updated": "2021-08-05T01:36:41.475Z", "state": "DRAFT", "publish_timestamp": null, "video_url": null, "video": null, "filename": null, "neighbor": 43, "position": "below", "resources": []}}, {"model": "lectures.lecture", "pk": 48, "fields": {"order": 15, "title": "GraphQL", "instructor": 3, "description": null, "section": 105, "slug": "graphqlx94h5", "lecture_id": "nvcyip06tu", "active": true, "timestamp": "2021-08-05T01:37:53.845Z", "duration": null, "updated": "2021-08-05T01:37:53.845Z", "state": "DRAFT", "publish_timestamp": null, "video_url": null, "video": null, "filename": null, "neighbor": null, "position": "below", "resources": []}}, {"model": "lectures.lecture", "pk": 52, "fields": {"order": 16, "title": "Starting with GraphQL", "instructor": 3, "description": null, "section": 106, "slug": "starting-with-graphql", "lecture_id": "2vks202puj", "active": true, "timestamp": "2021-08-10T14:53:09.369Z", "duration": 292.2, "updated": "2021-08-10T14:53:09.369Z", "state": "DRAFT", "publish_timestamp": null, "video_url": "https://cdn.filestackcontent.com/2o6DlgnzT9qHmqJP0qGG", "video": 108, "filename": null, "neighbor": null, "position": "above", "resources": []}}, {"model": "lectures.lecture", "pk": 53, "fields": {"order": 17, "title": "GraphQL Type System", "instructor": 3, "description": null, "section": 106, "slug": "graphql-type-system", "lecture_id": "46r2pw4gh6", "active": true, "timestamp": "2021-08-10T14:55:37.908Z", "duration": 410.07, "updated": "2021-08-10T14:55:37.908Z", "state": "DRAFT", "publish_timestamp": null, "video_url": "https://cdn.filestackcontent.com/NBMxSMflTMeijODlpcn0", "video": 109, "filename": null, "neighbor": 52, "position": "below", "resources": []}}, {"model": "lectures.lecture", "pk": 54, "fields": {"order": 18, "title": "Mutations for creating GraphQL", "instructor": 3, "description": null, "section": 106, "slug": "mutations-for-creating-graphql", "lecture_id": "0oq2s12v9r", "active": true, "timestamp": "2021-08-10T14:57:38.288Z", "duration": 303.56, "updated": "2021-08-10T14:57:38.288Z", "state": "DRAFT", "publish_timestamp": null, "video_url": "https://cdn.filestackcontent.com/rT9JNEkSQ6lTT5xxeqTJ", "video": 110, "filename": null, "neighbor": 53, "position": "below", "resources": []}}, {"model": "lectures.lecture", "pk": 55, "fields": {"order": 19, "title": "Hello world in Graphene", "instructor": 3, "description": null, "section": 107, "slug": "hello-world-in-graphene", "lecture_id": "mi8dig2ejp", "active": true, "timestamp": "2021-08-10T14:59:44.711Z", "duration": 335.13, "updated": "2021-08-10T14:59:44.711Z", "state": "DRAFT", "publish_timestamp": null, "video_url": "https://cdn.filestackcontent.com/zdw2UtBlTqO59go7wn7h", "video": 111, "filename": null, "neighbor": null, "position": "above", "resources": []}}, {"model": "lectures.lecture", "pk": 56, "fields": {"order": 20, "title": "Syntax in Graphene", "instructor": 3, "description": null, "section": 107, "slug": "syntax-in-graphene", "lecture_id": "2tpkib6de9", "active": true, "timestamp": "2021-08-10T15:10:50.393Z", "duration": 146.43, "updated": "2021-08-10T15:10:50.393Z", "state": "DRAFT", "publish_timestamp": null, "video_url": "https://cdn.filestackcontent.com/DclQd71bSqWiddaLm2xx", "video": 112, "filename": null, "neighbor": 55, "position": "below", "resources": []}}, {"model": "lectures.lecture", "pk": 59, "fields": {"order": 1, "title": "Getting to School", "instructor": 4, "description": null, "section": 96, "slug": "getting-to-school", "lecture_id": "ej9vwiw36g", "active": true, "timestamp": "2021-08-19T15:38:26.415Z", "duration": 292.2, "updated": "2021-08-19T15:38:26.415Z", "state": "DRAFT", "publish_timestamp": null, "video_url": "https://cdn.filestackcontent.com/xnlhmd04RsC6Xy9lOLkc", "video": 115, "filename": null, "neighbor": 32, "position": "below", "resources": []}}, {"model": "lectures.lecture", "pk": 60, "fields": {"order": 2, "title": "Hello gyts wgats", "instructor": 4, "description": null, "section": 96, "slug": "hello-gyts-wgats", "lecture_id": "b0o07mg2xt", "active": true, "timestamp": "2021-08-19T16:09:51.400Z", "duration": 410.07, "updated": "2021-08-19T16:09:51.400Z", "state": "DRAFT", "publish_timestamp": null, "video_url": "https://cdn.filestackcontent.com/VtCb6fElStyY1BbDzcyU", "video": 116, "filename": null, "neighbor": 59, "position": "below", "resources": []}}, {"model": "lectures.lecture", "pk": 61, "fields": {"order": 10, "title": "Fundamentals", "instructor": 4, "description": null, "section": 100, "slug": "fundamentalsayveq", "lecture_id": "iv4qlokmd4", "active": true, "timestamp": "2021-08-19T16:30:31.352Z", "duration": 303.56, "updated": "2021-08-19T16:30:31.352Z", "state": "DRAFT", "publish_timestamp": null, "video_url": "https://cdn.filestackcontent.com/MbIyTDUSXiVWLrMEDNKw", "video": 117, "filename": null, "neighbor": 38, "position": "below", "resources": []}}, {"model": "courses.course", "pk": 1, "fields": {"title": "Advanced GraphQL", "lead": true, "headline": null, "cover_image": "https://cdn.filestackcontent.com/zhoiUe5nQUCQ0jxSubTx", "summary": null, "description": "Lorem Ipsum is simply dummy text of the printing and typesetting industry. Lorem Ipsum has been the industry's standard dummy text ever since the 1500s, when an unknown printer took a galley of type and scrambled it to make a type specimen book. It has survived not only five centuries, but also the leap into electronic typesetting, remaining essentially unchanged. It was popularised in the 1960s with the release of Letraset sheets containing Lorem Ipsum passages, and more recently with desktop publishing software like Aldus PageMaker including versions of Lorem Ipsum.", "parent": null, "instructor": 2, "order": 1, "level": "advanced", "video_url": "https://www.youtube.com/watch?v=JRzWRZahOVU", "slug": "advanced-graphql", "state": "LIVE", "publish_timestamp": "2021-06-15T17:40:14.076Z", "active": true, "timestamp": "2021-06-15T16:18:13.824Z", "category": 1, "subcategory": null, "updated": "2021-08-20T12:47:25.060Z", "price": "10.00"}}, {"model": "courses.course", "pk": 2, "fields": {"title": "NodeJS Fundamentals", "lead": false, "headline": null, "cover_image": "https://codescandy.com/geeks/assets/images/course/course-python.jpg", "summary": null, "description": "It is a long established fact that a reader will be distracted by the readable content of a page when looking at its layout. The point of using Lorem Ipsum is that it has a more-or-less normal distribution of letters, as opposed to using 'Content here, content here', making it look like readable English. Many desktop publishing packages and web page editors now use Lorem Ipsum as their default model text, and a search for 'lorem ipsum' will uncover many web sites still in their infancy. Various versions have evolved over the years, sometimes by accident, sometimes on purpose (injected humour and the like).", "parent": null, "instructor": 2, "order": 1, "level": "basic", "video_url": "https://www.youtube.com/watch?v=JRzWRZahOVU", "slug": "nodejs-fundamentals", "state": "LIVE", "publish_timestamp": "2021-08-15T02:57:23.339Z", "active": true, "timestamp": "2021-06-15T17:02:25.343Z", "category": 2, "subcategory": null, "updated": "2021-08-15T02:57:23.340Z", "price": "10.00"}}, {"model": "courses.course", "pk": 3, "fields": {"title": "Python Internals", "lead": false, "headline": null, "cover_image": "https://codescandy.com/geeks/assets/images/course/course-python.jpg", "summary": null, "description": "It is a long established fact that a reader will be distracted by the readable content of a page when looking at its layout. The point of using Lorem Ipsum is that it has a more-or-less normal distribution of letters, as opposed to using 'Content here, content here', making it look like readable English. Many desktop publishing packages and web page editors now use Lorem Ipsum as their default model text, and a search for 'lorem ipsum' will uncover many web sites still in their infancy. Various versions have evolved over the years, sometimes by accident, sometimes on purpose (injected humour and the like).", "parent": null, "instructor": 2, "order": 1, "level": "deep", "video_url": "https://www.youtube.com/watch?v=k5E2AVpwsko", "slug": "python-internals", "state": "LIVE", "publish_timestamp": "2021-08-15T02:57:58.316Z", "active": true, "timestamp": "2021-06-15T17:29:54.083Z", "category": 3, "subcategory": null, "updated": "2021-08-15T02:57:58.316Z", "price": "20.00"}}, {"model": "courses.course", "pk": 4, "fields": {"title": "GraphQL Fundamentals", "lead": false, "headline": null, "cover_image": null, "summary": null, "description": "djdjdjdjdjdjd", "parent": null, "instructor": 2, "order": 1, "level": "advanced", "video_url": "https://www.youtube.com/watch?v=JRzWRZahOVU", "slug": "graphql-fundamentals", "state": "PD", "publish_timestamp": null, "active": true, "timestamp": "2021-06-18T01:01:12.861Z", "category": 1, "subcategory": null, "updated": "2021-06-18T01:24:43.910Z", "price": "500.00"}}, {"model": "courses.course", "pk": 24, "fields": {"title": "Nodejs Advanced 2", "lead": false, "headline": "Fundamentals of Nodej", "cover_image": "https://cdn.filestackcontent.com/cnYkQ2sTDKRkaH4V1ZjI", "summary": null, "description": "<p>It is a long established fact that a reader will be distracted by the readable content of a page when looking at its layout. The point of using Lorem Ipsum is that it has a more-or-less normal distribution of letters, as opposed to using &#39;Content here, content here&#39;, making it look like readable English. Many desktop publishing packages and web page editors now use Lorem Ipsum as their default model text, and a search for &#39;lorem ipsum&#39; will uncover many web sites still in their infancy. Various versions have evolved over the years, sometimes by accident, sometimes on purpose (injected humour and the like).</p>", "parent": null, "instructor": 4, "order": 1, "level": "intermediate", "video_url": "https://cdn.filestackcontent.com/QNSS2BE8TtSUxF3BwPrF", "slug": "python-programming", "state": "LIVE", "publish_timestamp": "2021-08-03T01:32:10.457Z", "active": true, "timestamp": "2021-07-27T18:37:48.481Z", "category": 2, "subcategory": 5, "updated": "2021-08-19T16:52:07.586Z", "price": "39.99"}}, {"model": "courses.course", "pk": 25, "fields": {"title": "Advanced GrapQL Project", "lead": false, "headline": "Ace your next Javascript coding interview by mastering  data structures and algorithms.", "cover_image": "https://codescandy.com/geeks/assets/images/course/course-python.jpg", "summary": null, "description": "<p> Data Structures? They're here.  Algorithms?  Covered.  Lots of questions with well-explained solutions?  Yep!\r\n\r\nIf you're nervous about your first coding interview, or anxious about applying to your next job, this is the course for you.  I got tired of interviewers asking tricky questions that can only be answered if you've seen the problem before, so I made this course!  This video course will teach you the most common interview questions that you'll see in a coding interview, giving you the tools you need to ace your next whiteboard interview. </p>", "parent": null, "instructor": 2, "order": 1, "level": "intermediate", "video_url": null, "slug": "practicing-with-this-stuff", "state": "DRAFT", "publish_timestamp": null, "active": true, "timestamp": "2021-08-05T00:34:31.409Z", "category": 1, "subcategory": null, "updated": "2021-08-17T16:31:18.219Z", "price": "39.99"}}, {"model": "courses.course", "pk": 26, "fields": {"title": "What but", "lead": false, "headline": null, "cover_image": null, "summary": null, "description": "<p>Whoe mamdnddnd</p>", "parent": null, "instructor": 3, "order": 1, "level": "basic", "video_url": null, "slug": "what-but", "state": "DRAFT", "publish_timestamp": null, "active": true, "timestamp": "2021-08-05T00:56:48.927Z", "category": 2, "subcategory": null, "updated": "2021-08-05T00:56:48.927Z", "price": "39.99"}}, {"model": "courses.course", "pk": 27, "fields": {"title": "Building Linux from Scratch", "lead": false, "headline": null, "cover_image": "https://codescandy.com/geeks/assets/images/course/course-python.jpg", "summary": null, "description": "<p>What is siitititititt</p>", "parent": null, "instructor": 3, "order": 1, "level": "basic", "video_url": null, "slug": "building-linux-from-scratch", "state": "DRAFT", "publish_timestamp": null, "active": true, "timestamp": "2021-08-05T01:33:37.821Z", "category": 4, "subcategory": null, "updated": "2021-08-15T02:58:41.610Z", "price": "39.99"}}, {"model": "courses.course", "pk": 28, "fields": {"title": "Build Nodejs Server From Scratch", "lead": false, "headline": null, "cover_image": null, "summary": null, "description": "<p>What name should i give to you</p>", "parent": null, "instructor": 4, "order": 1, "level": "basic", "video_url": null, "slug": "build-nodejs-server-from-scrat", "state": "DRAFT", "publish_timestamp": null, "active": true, "timestamp": "2021-08-19T23:38:46.589Z", "category": 4, "subcategory": null, "updated": "2021-08-19T23:38:46.589Z", "price": "39.99"}}, {"model": "projects.testimonial", "pk": 1, "fields": {"name": "Samuel Michael", "occupation": "Senior Manager, Flicks", "quote": "This has been the best course so far"}}, {"model": "projects.projectsection", "pk": 1, "fields": {"heading": "Build Your Own Netflix", "description": "There are many variations of passages of Lorem Ipsum available, but the majority have suffered alteration in some form, by injected humour, or randomised words which don't look even slightly believable. If you are going to use a passage of Lorem Ipsum, you need to be sure there isn't anything embarrassing hidden in the middle of text.", "instructor": null}}, {"model": "projects.projectsection", "pk": 2, "fields": {"heading": "No subtible at this moment because of the need", "description": "<p>Yes man</p>", "instructor": 3}}, {"model": "projects.projectsection", "pk": 3, "fields": {"heading": "What are you saying what about and now", "description": "<p>Well that thigns are not good good and better</p>", "instructor": 3}}, {"model": "projects.projectsection", "pk": 4, "fields": {"heading": "Develop REST API From Scratch", "description": "<p>It is a long established fact that a reader will be distracted by the readable content of a page when looking at its layout. The point of using Lorem Ipsum is that it has a more-or-less normal distribution of letters, as opposed to using &#39;Content here, content here&#39;, making it look like readable English. Many desktop publishing packages and web page editors now use Lorem Ipsum as their default model text, and a search for &#39;lorem ipsum&#39; will uncover many web sites still in their infancy. Various versions have evolved over the years, sometimes by accident, sometimes on purpose (injected humour and the like</p>", "instructor": 4}}, {"model": "projects.projectsection", "pk": 5, "fields": {"heading": "Advanced Programming", "description": "<p>Good for me and you</p>", "instructor": 4}}, {"model": "projects.projectsection", "pk": 6, "fields": {"heading": "Build Bui dam", "description": "<p>Wjat os tjat abpit</p>", "instructor": 4}}, {"model": "projects.project", "pk": 1, "fields": {"title": "Build Your Own Streaming Service", "lead": true, "description": "Interdum et malesuada fames ac ante ipsum primis in faucibus. Sed dapibus dui eget dui consectetur, sed porttitor sem iaculis. Ut vitae interdum lacus. Ut a nibh neque. Ut et pharetra turpis. Integer eget sem tellus. Praesent lectus nibh, tincidunt nec augue ut, malesuada consectetur arcu. Ut vitae egestas velit. Nunc laoreet malesuada varius.", "slug": "build-your-own-netflix", "goal": "Advanced Programming", "hero": "glglglglg", "thumbnail_url": "https://assets.brand.microsites.netflix.io/assets/493f5bba-81a4-11e9-bf79-066b49664af6_cm_1440w.png?v=30", "category": null, "instructor": 2, "experience": "Beginner", "completion_time": "60 Hours", "header": 1, "header_primary_color": "rgb(16, 22, 47)", "header_secondary_color": "#66C4FF", "testimonial": null, "video_headline": "https://www.youtube.com/watch?v=KiJFHBQ44sw&t=3758s", "difficulty": "advanced", "progress": "0.0", "updated": "2021-08-18T00:33:18.907Z", "price": "500.00", "state": "LIVE", "publish_timestamp": "2021-07-10T00:06:23Z", "active": true, "timestamp": "2021-07-10T00:07:37.493Z", "courses": [1, 2, 3, 4, 24, 25]}}, {"model": "projects.project", "pk": 2, "fields": {"title": "Build DisneyPlus From Scracth", "lead": false, "description": "course slslsllsls", "slug": "disney-plus", "goal": "Advanced Programming", "hero": "glglglglg", "thumbnail_url": "https://tesla-cdn.thron.com/delivery/public/thumbnail/tesla/2d815c9e-2f42-4fdd-b312-1949b80810f7/bvlatuR/std/560x502/Roadster_01?lcid=aed08877-ce08-416f-a384-e57e8449ead7&v=12&dpr=400", "category": null, "instructor": 2, "experience": "intermediate", "completion_time": "60 Hours", "header": 1, "header_primary_color": "rgb(16, 22, 47)", "header_secondary_color": "#66C4FF", "testimonial": 1, "video_headline": "https://www.youtube.com/watch?v=KiJFHBQ44sw&t=3758s", "difficulty": "Beginner", "progress": "0.0", "updated": "2021-08-18T00:39:36.338Z", "price": "39.99", "state": "LIVE", "publish_timestamp": "2021-07-11T11:28:09Z", "active": true, "timestamp": "2021-07-11T11:29:25.427Z", "courses": [1, 2, 3, 4]}}, {"model": "projects.project", "pk": 4, "fields": {"title": "Build Nodejs Server From Scratch 2", "lead": false, "description": "<p>How will this work</p>", "slug": "build-nodejs-server-from-scrat", "goal": "Build and Design", "hero": "https://cdn.filestackcontent.com/cnYkQ2sTDKRkaH4V1ZjI", "thumbnail_url": "https://cdn.filestackcontent.com/zhoiUe5nQUCQ0jxSubTx", "category": null, "instructor": 4, "experience": "Beginner", "completion_time": null, "header": 5, "header_primary_color": "rgb(16, 22, 47)", "header_secondary_color": "#66C4FF", "testimonial": null, "video_headline": null, "difficulty": "Beginner", "progress": "0.0", "updated": "2021-08-20T00:39:56.396Z", "price": "39.99", "state": "DRAFT", "publish_timestamp": null, "active": true, "timestamp": "2021-08-05T21:58:30.076Z", "courses": [24]}}, {"model": "projects.project", "pk": 5, "fields": {"title": "Develop an API from Scratch", "lead": false, "description": "<p>It is a long established fact that a reader will be distracted by the readable content of a page when looking at its layout. The point of using Lorem Ipsum is that it has a more-or-less normal distribution of letters, as opposed to using &#39;Content here, content here&#39;, making it look like readable English. Many desktop publishing packages and web page editors now use Lorem Ipsum as their default model text, and a search for &#39;lorem ipsum&#39; will uncover many web sites still in their infancy. Various versions have evolved over the years, sometimes by accident, sometimes on purpose (injected humour and the like good and bad</p>", "slug": "develop-an-api-from-scratch", "goal": null, "hero": null, "thumbnail_url": null, "category": null, "instructor": 4, "experience": "Beginner", "completion_time": "", "header": 4, "header_primary_color": null, "header_secondary_color": null, "testimonial": null, "video_headline": null, "difficulty": "Beginner", "progress": "0.0", "updated": "2021-08-19T00:19:10.405Z", "price": "39.99", "state": "DRAFT", "publish_timestamp": null, "active": true, "timestamp": "2021-08-05T22:11:36.129Z", "courses": [24]}}, {"model": "projects.project", "pk": 6, "fields": {"title": "Develop an API from Scratch 8", "lead": false, "description": "<p>Hello bro</p>", "slug": "develop-an-api-from-scratch-3", "goal": null, "hero": null, "thumbnail_url": "https://assets.brand.microsites.netflix.io/assets/493f5bba-81a4-11e9-bf79-066b49664af6_cm_1440w.png?v=30", "category": null, "instructor": 4, "experience": "Beginner", "completion_time": null, "header": null, "header_primary_color": null, "header_secondary_color": null, "testimonial": null, "video_headline": null, "difficulty": "Beginner", "progress": "0.0", "updated": "2021-08-18T00:32:56.390Z", "price": "39.99", "state": "DRAFT", "publish_timestamp": null, "active": true, "timestamp": "2021-08-06T00:44:09.833Z", "courses": []}}, {"model": "projects.project", "pk": 7, "fields": {"title": "Starting Python", "lead": false, "description": "<p>Get your acts together</p>", "slug": "starting-python", "goal": "Adavnaedd aldndndndnd", "hero": null, "thumbnail_url": null, "category": 1, "instructor": 3, "experience": "Beginner", "completion_time": null, "header": 3, "header_primary_color": null, "header_secondary_color": null, "testimonial": null, "video_headline": null, "difficulty": "Beginner", "progress": "0.0", "updated": "2021-08-09T23:27:45.275Z", "price": "39.99", "state": "DRAFT", "publish_timestamp": null, "active": true, "timestamp": "2021-08-09T14:40:03.860Z", "courses": [25]}}, {"model": "projects.project", "pk": 8, "fields": {"title": "Develop a Streaming Service", "lead": false, "description": "<p>For you and me</p>", "slug": "develop-a-streaming-service", "goal": null, "hero": null, "thumbnail_url": null, "category": 1, "instructor": 3, "experience": "Beginner", "completion_time": null, "header": null, "header_primary_color": null, "header_secondary_color": null, "testimonial": null, "video_headline": null, "difficulty": "Beginner", "progress": "0.0", "updated": "2021-08-09T14:46:57.558Z", "price": "39.99", "state": "DRAFT", "publish_timestamp": null, "active": true, "timestamp": "2021-08-09T14:46:57.558Z", "courses": []}}, {"model": "projects.project", "pk": 9, "fields": {"title": "Name and student power", "lead": false, "description": "<p>What is that name about</p>", "slug": "ghha", "goal": "Develop REST API From Scratch", "hero": null, "thumbnail_url": null, "category": 2, "instructor": 4, "experience": "Beginner", "completion_time": null, "header": 6, "header_primary_color": null, "header_secondary_color": null, "testimonial": null, "video_headline": null, "difficulty": "Beginner", "progress": "0.0", "updated": "2021-08-19T23:37:18.132Z", "price": "39.99", "state": "DRAFT", "publish_timestamp": null, "active": true, "timestamp": "2021-08-19T23:34:50.620Z", "courses": [24]}}, {"model": "projects.projectrelated", "pk": 1, "fields": {"order": 1, "project": 1, "related": 2, "timestamp": "2021-07-11T11:29:50.445Z"}}, {"model": "projects.syllabus", "pk": 1, "fields": {"order": 1, "title": "Learning and make a difference", "project": 1, "description": "Interdum et malesuada fames ac ante ipsum primis in faucibus. Sed dapibus dui eget dui consectetur, sed porttitor sem iaculis. Ut vitae interdum lacus. Ut a nibh neque. Ut et pharetra turpis. Integer eget sem tellus. Praesent lectus nibh, tincidunt nec augue ut, malesuada consectetur arcu. Ut vitae egestas velit. Nunc laoreet malesuada varius.", "instructor": null, "timestamp": "2021-07-10T00:07:37.525Z"}}, {"model": "projects.syllabus", "pk": 2, "fields": {"order": 1, "title": "Train your brain", "project": 1, "description": "Interdum et malesuada fames ac ante ipsum primis in faucibus. Sed dapibus dui eget dui consectetur, sed porttitor sem iaculis. Ut vitae interdum lacus. Ut a nibh neque. Ut et pharetra turpis. Integer eget sem tellus. Praesent lectus nibh, tincidunt nec augue ut, malesuada consectetur arcu. Ut vitae egestas velit. Nunc laoreet malesuada varius.", "instructor": null, "timestamp": "2021-07-10T00:07:37.526Z"}}, {"model": "projects.syllabus", "pk": 3, "fields": {"order": 1, "title": "Build Enterprise Solutions", "project": 1, "description": "Interdum et malesuada fames ac ante ipsum primis in faucibus. Sed dapibus dui eget dui consectetur, sed porttitor sem iaculis. Ut vitae interdum lacus. Ut a nibh neque. Ut et pharetra turpis. Integer eget sem tellus. Praesent lectus nibh, tincidunt nec augue ut, malesuada consectetur arcu. Ut vitae egestas velit. Nunc laoreet malesuada varius.", "instructor": null, "timestamp": "2021-07-11T08:30:58.092Z"}}, {"model": "projects.syllabus", "pk": 4, "fields": {"order": 1, "title": "Design Complex Processes", "project": 1, "description": "Interdum et malesuada fames ac ante ipsum primis in faucibus. Sed dapibus dui eget dui consectetur, sed porttitor sem iaculis. Ut vitae interdum lacus. Ut a nibh neque. Ut et pharetra turpis. Integer eget sem tellus. Praesent lectus nibh, tincidunt nec augue ut, malesuada consectetur arcu. Ut vitae egestas velit. Nunc laoreet malesuada varius.", "instructor": null, "timestamp": "2021-07-11T08:30:58.092Z"}}, {"model": "projects.syllabus", "pk": 5, "fields": {"order": 1, "title": "Learn Pattern Design", "project": 1, "description": "Interdum et malesuada fames ac ante ipsum primis in faucibus. Sed dapibus dui eget dui consectetur, sed porttitor sem iaculis. Ut vitae interdum lacus. Ut a nibh neque. Ut et pharetra turpis. Integer eget sem tellus. Praesent lectus nibh, tincidunt nec augue ut, malesuada consectetur arcu. Ut vitae egestas velit. Nunc laoreet malesuada varius.", "instructor": null, "timestamp": "2021-07-11T08:30:58.093Z"}}, {"model": "projects.syllabus", "pk": 6, "fields": {"order": 1, "title": "Device means and ways", "project": 1, "description": "Interdum et malesuada fames ac ante ipsum primis in faucibus. Sed dapibus dui eget dui consectetur, sed porttitor sem iaculis. Ut vitae interdum lacus. Ut a nibh neque. Ut et pharetra turpis. Integer eget sem tellus. Praesent lectus nibh, tincidunt nec augue ut, malesuada consectetur arcu. Ut vitae egestas velit. Nunc laoreet malesuada varius.", "instructor": null, "timestamp": "2021-07-11T08:30:58.093Z"}}, {"model": "projects.syllabus", "pk": 7, "fields": {"order": 1, "title": "Deploy Enterprise Grade Solutions", "project": 1, "description": "Interdum et malesuada fames ac ante ipsum primis in faucibus. Sed dapibus dui eget dui consectetur, sed porttitor sem iaculis. Ut vitae interdum lacus. Ut a nibh neque. Ut et pharetra turpis. Integer eget sem tellus. Praesent lectus nibh, tincidunt nec augue ut, malesuada consectetur arcu. Ut vitae egestas velit. Nunc laoreet malesuada varius.", "instructor": null, "timestamp": "2021-07-11T08:32:05.648Z"}}, {"model": "projects.syllabus", "pk": 8, "fields": {"order": 1, "title": "Studay sylass", "project": 2, "description": "Good for me", "instructor": null, "timestamp": "2021-07-11T11:29:25.449Z"}}, {"model": "projects.syllabus", "pk": 23, "fields": {"order": 2, "title": "Build API", "project": 5, "description": "It is a long established fact that a reader will be distracted by the readable content of a page when looking at its layout. The point of using Lorem Ipsum is that it has a more-or-less normal distribution of letters, as opposed to using 'Content here, content here', making it look like readable English. Many desktop publishing packages and web page editors now use Lorem Ipsum as their default model text, and a search for 'lorem ipsum' will uncover many web sites still in their infancy. Various versions have evolved over the years, sometimes by accident, sometimes on purpose (injected humour and the like", "instructor": 4, "timestamp": "2021-08-19T00:21:36.765Z"}}, {"model": "projects.syllabus", "pk": 24, "fields": {"order": 3, "title": "What", "project": 5, "description": "It is a long established fact that a reader will be distracted by the readable content of a page when looking at its layout. The point of using Lorem Ipsum is that it has a more-or-less normal distribution of letters, as opposed to using 'Content here, content here', making it look like readable English. Many desktop publishing packages and web page editors now use Lorem Ipsum as their default model text, and a search for 'lorem ipsum' will uncover many web sites still in their infancy. Various versions have evolved over the years, sometimes by accident, sometimes on purpose (injected humour and the like", "instructor": 4, "timestamp": "2021-08-19T00:21:36.769Z"}}, {"model": "projects.syllabus", "pk": 25, "fields": {"order": 2, "title": "Design JQuery", "project": 5, "description": "It is a long established fact that a reader will be distracted by the readable content of a page when looking at its layout. The point of using Lorem Ipsum is that it has a more-or-less normal distribution of letters, as opposed to using 'Content here, content here', making it look like readable English. Many desktop publishing packages and web page editors now use Lorem Ipsum as their default model text, and a search for 'lorem ipsum' will uncover many web sites still in their infancy. Various versions have evolved over the years, sometimes by accident, sometimes on purpose (injected humour and the like", "instructor": 4, "timestamp": "2021-08-19T00:21:36.766Z"}}, {"model": "projects.syllabus", "pk": 26, "fields": {"order": 4, "title": "Build API", "project": 5, "description": "It is a long established fact that a reader will be distracted by the readable content of a page when looking at its layout. The point of using Lorem Ipsum is that it has a more-or-less normal distribution of letters, as opposed to using 'Content here, content here', making it look like readable English. Many desktop publishing packages and web page editors now use Lorem Ipsum as their default model text, and a search for 'lorem ipsum' will uncover many web sites still in their infancy. Various versions have evolved over the years, sometimes by accident, sometimes on purpose (injected humour and the like", "instructor": 4, "timestamp": "2021-08-19T00:23:03.537Z"}}, {"model": "projects.syllabus", "pk": 27, "fields": {"order": 5, "title": "What", "project": 5, "description": "It is a long established fact that a reader will be distracted by the readable content of a page when looking at its layout. The point of using Lorem Ipsum is that it has a more-or-less normal distribution of letters, as opposed to using 'Content here, content here', making it look like readable English. Many desktop publishing packages and web page editors now use Lorem Ipsum as their default model text, and a search for 'lorem ipsum' will uncover many web sites still in their infancy. Various versions have evolved over the years, sometimes by accident, sometimes on purpose (injected humour and the like", "instructor": 4, "timestamp": "2021-08-19T00:23:03.544Z"}}, {"model": "projects.syllabus", "pk": 28, "fields": {"order": 6, "title": "Build API", "project": 5, "description": "It is a long established fact that a reader will be distracted by the readable content of a page when looking at its layout. The point of using Lorem Ipsum is that it has a more-or-less normal distribution of letters, as opposed to using 'Content here, content here', making it look like readable English. Many desktop publishing packages and web page editors now use Lorem Ipsum as their default model text, and a search for 'lorem ipsum' will uncover many web sites still in their infancy. Various versions have evolved over the years, sometimes by accident, sometimes on purpose (injected humour and the like", "instructor": 4, "timestamp": "2021-08-19T00:24:07.341Z"}}, {"model": "projects.syllabus", "pk": 29, "fields": {"order": 7, "title": "Fundamentalsv2 verus anddldld", "project": 4, "description": "Trying out for now", "instructor": 4, "timestamp": "2021-08-19T18:57:55.388Z"}}, {"model": "projects.syllabus", "pk": 30, "fields": {"order": 8, "title": "Getting to School 4", "project": 4, "description": "For something worthy", "instructor": 4, "timestamp": "2021-08-19T19:03:09.227Z"}}, {"model": "projects.learningoutcome", "pk": 1, "fields": {"order": 1, "title": "Build and Design Django", "instructor": null, "project": 1, "description": "Interdum et malesuada fames ac ante ipsum primis in faucibus. Sed dapibus dui eget dui consectetur, sed porttitor sem iaculis. Ut vitae interdum lacus. Ut a nibh neque. Ut et pharetra turpis. Integer eget sem tellus. Praesent lectus nibh, tincidunt nec augue ut, malesuada consectetur arcu. Ut vitae egestas velit. Nunc laoreet malesuada varius.", "timestamp": "2021-07-10T00:07:37.521Z"}}, {"model": "projects.learningoutcome", "pk": 2, "fields": {"order": 1, "title": "Design Software From Scratch", "instructor": null, "project": 1, "description": "Interdum et malesuada fames ac ante ipsum primis in faucibus. Sed dapibus dui eget dui consectetur, sed porttitor sem iaculis. Ut vitae interdum lacus. Ut a nibh neque. Ut et pharetra turpis. Integer eget sem tellus. Praesent lectus nibh, tincidunt nec augue ut, malesuada consectetur arcu. Ut vitae egestas velit. Nunc laoreet malesuada varius.", "timestamp": "2021-07-10T00:07:37.523Z"}}, {"model": "projects.learningoutcome", "pk": 3, "fields": {"order": 1, "title": "Build food and posu", "instructor": null, "project": 1, "description": "Interdum et malesuada fames ac ante ipsum primis in faucibus. Sed dapibus dui eget dui consectetur, sed porttitor sem iaculis. Ut vitae interdum lacus. Ut a nibh neque. Ut et pharetra turpis. Integer eget sem tellus. Praesent lectus nibh, tincidunt nec augue ut, malesuada consectetur arcu. Ut vitae egestas velit. Nunc laoreet malesuada varius.", "timestamp": "2021-07-10T00:07:37.523Z"}}, {"model": "projects.learningoutcome", "pk": 4, "fields": {"order": 1, "title": "Black Blacck Black", "instructor": null, "project": 2, "description": "lslslslsls", "timestamp": "2021-07-11T11:29:25.447Z"}}, {"model": "projects.learningoutcome", "pk": 5, "fields": {"order": 1, "title": "Qh qgqgq qgqgq", "instructor": null, "project": 2, "description": "skksksksks", "timestamp": "2021-07-11T11:29:25.448Z"}}, {"model": "projects.learningoutcome", "pk": 6, "fields": {"order": 2, "title": "It was not alwasy albootoot", "instructor": 3, "project": 7, "description": null, "timestamp": "2021-08-09T23:55:06.155Z"}}, {"model": "projects.learningoutcome", "pk": 7, "fields": {"order": 3, "title": "So how was it before", "instructor": 3, "project": 7, "description": null, "timestamp": "2021-08-09T23:55:06.175Z"}}, {"model": "projects.learningoutcome", "pk": 8, "fields": {"order": 4, "title": "Develop A Rest API From Scratch", "instructor": 4, "project": 5, "description": null, "timestamp": "2021-08-19T00:23:03.538Z"}}, {"model": "projects.learningoutcome", "pk": 9, "fields": {"order": 4, "title": "Mark and design it", "instructor": 4, "project": 5, "description": null, "timestamp": "2021-08-19T00:23:03.544Z"}}, {"model": "projects.learningoutcome", "pk": 10, "fields": {"order": 5, "title": "Build and do it", "instructor": 4, "project": 5, "description": null, "timestamp": "2021-08-19T00:23:03.557Z"}}, {"model": "projects.learningoutcome", "pk": 11, "fields": {"order": 6, "title": "Develop A Rest API From Scratch", "instructor": 4, "project": 5, "description": null, "timestamp": "2021-08-19T00:24:07.340Z"}}, {"model": "projects.learningoutcome", "pk": 12, "fields": {"order": 7, "title": "Mark and design it", "instructor": 4, "project": 5, "description": null, "timestamp": "2021-08-19T00:24:07.375Z"}}, {"model": "projects.learningoutcome", "pk": 13, "fields": {"order": 8, "title": "What is happening now and", "instructor": 4, "project": 4, "description": "Yse everything", "timestamp": "2021-08-19T19:42:39.065Z"}}, {"model": "projects.learningoutcome", "pk": 15, "fields": {"order": 9, "title": "Design and buod", "instructor": 4, "project": 6, "description": "", "timestamp": "2021-08-19T21:39:03.689Z"}}, {"model": "projects.titledescription", "pk": 1, "fields": {"order": 1, "title": "Good for me and you", "instructor": null, "project": 1, "description": "Interdum et malesuada fames ac ante ipsum primis in faucibus. Sed dapibus dui eget dui consectetur, sed porttitor sem iaculis. Ut vitae interdum lacus. Ut a nibh neque. Ut et pharetra turpis. Integer eget sem tellus. Praesent lectus nibh, tincidunt nec augue ut, malesuada consectetur arcu. Ut vitae egestas velit. Nunc laoreet malesuada varius.", "timestamp": "2021-07-10T00:07:37.524Z"}}, {"model": "projects.titledescription", "pk": 2, "fields": {"order": 1, "title": "Learn Django From Scratch", "instructor": null, "project": 1, "description": "Interdum et malesuada fames ac ante ipsum primis in faucibus. Sed dapibus dui eget dui consectetur, sed porttitor sem iaculis. Ut vitae interdum lacus. Ut a nibh neque. Ut et pharetra turpis. Integer eget sem tellus. Praesent lectus nibh, tincidunt nec augue ut, malesuada consectetur arcu. Ut vitae egestas velit. Nunc laoreet malesuada varius.", "timestamp": "2021-07-11T09:20:35.075Z"}}, {"model": "projects.titledescription", "pk": 3, "fields": {"order": 1, "title": "Design Bootstrap and CSS", "instructor": null, "project": 1, "description": "Interdum et malesuada fames ac ante ipsum primis in faucibus. Sed dapibus dui eget dui consectetur, sed porttitor sem iaculis. Ut vitae interdum lacus. Ut a nibh neque. Ut et pharetra turpis. Integer eget sem tellus. Praesent lectus nibh, tincidunt nec augue ut, malesuada consectetur arcu. Ut vitae egestas velit. Nunc laoreet malesuada varius.", "timestamp": "2021-07-11T09:20:35.075Z"}}, {"model": "projects.titledescription", "pk": 4, "fields": {"order": 1, "title": "Learn GraphQL", "instructor": null, "project": 1, "description": "Interdum et malesuada fames ac ante ipsum primis in faucibus. Sed dapibus dui eget dui consectetur, sed porttitor sem iaculis. Ut vitae interdum lacus. Ut a nibh neque. Ut et pharetra turpis. Integer eget sem tellus. Praesent lectus nibh, tincidunt nec augue ut, malesuada consectetur arcu. Ut vitae egestas velit. Nunc laoreet malesuada varius.", "timestamp": "2021-07-11T09:20:35.076Z"}}, {"model": "projects.titledescription", "pk": 5, "fields": {"order": 1, "title": "Develop Payment API", "instructor": null, "project": 1, "description": "Interdum et malesuada fames ac ante ipsum primis in faucibus. Sed dapibus dui eget dui consectetur, sed porttitor sem iaculis. Ut vitae interdum lacus. Ut a nibh neque. Ut et pharetra turpis. Integer eget sem tellus. Praesent lectus nibh, tincidunt nec augue ut, malesuada consectetur arcu. Ut vitae egestas velit. Nunc laoreet malesuada varius.", "timestamp": "2021-07-11T09:20:35.076Z"}}, {"model": "projects.titledescription", "pk": 6, "fields": {"order": 1, "title": "Goods ad boos", "instructor": null, "project": 2, "description": "dkddkdkdkdk", "timestamp": "2021-07-11T11:29:25.448Z"}}, {"model": "projects.titledescription", "pk": 7, "fields": {"order": 2, "title": "Amd work towards unity", "instructor": 3, "project": 7, "description": null, "timestamp": "2021-08-09T23:55:06.177Z"}}, {"model": "projects.titledescription", "pk": 8, "fields": {"order": 3, "title": "Now is the time for us to content for the sants", "instructor": 3, "project": 7, "description": null, "timestamp": "2021-08-09T23:55:06.183Z"}}, {"model": "projects.titledescription", "pk": 9, "fields": {"order": 4, "title": "Desing and Sing", "instructor": 4, "project": 5, "description": null, "timestamp": "2021-08-19T00:24:07.375Z"}}, {"model": "projects.titledescription", "pk": 10, "fields": {"order": 4, "title": "Sing and Pray", "instructor": 4, "project": 5, "description": null, "timestamp": "2021-08-19T00:24:07.375Z"}}, {"model": "projects.titledescription", "pk": 11, "fields": {"order": 5, "title": "Develop A Rest API From Scratch", "instructor": 4, "project": 5, "description": null, "timestamp": "2021-08-19T00:24:07.388Z"}}, {"model": "projects.titledescription", "pk": 12, "fields": {"order": 6, "title": "Eat and Drink", "instructor": 4, "project": 5, "description": null, "timestamp": "2021-08-19T00:24:07.421Z"}}, {"model": "projects.titledescription", "pk": 14, "fields": {"order": 7, "title": "What is happening 2", "instructor": 4, "project": 4, "description": null, "timestamp": "2021-08-19T21:06:18.366Z"}}, {"model": "projects.titledescription", "pk": 15, "fields": {"order": 8, "title": "Build enterprise solutions", "instructor": 4, "project": 6, "description": null, "timestamp": "2021-08-19T21:38:27.682Z"}}, {"model": "projects.titledescription", "pk": 16, "fields": {"order": 9, "title": "Design and Buitd everything", "instructor": 4, "project": 6, "description": null, "timestamp": "2021-08-19T21:38:48.965Z"}}, {"model": "targets.experience", "pk": 7, "fields": {"name": "What about that doal", "instructor": 4, "course": 24}}, {"model": "targets.experience", "pk": 9, "fields": {"name": "Beginer", "instructor": 2, "course": 25}}, {"model": "targets.experience", "pk": 10, "fields": {"name": "Beginners", "instructor": 3, "course": 27}}, {"model": "targets.experience", "pk": 15, "fields": {"name": "What is your name", "instructor": 4, "course": 24}}, {"model": "targets.experience", "pk": 16, "fields": {"name": "Man from the moon 23", "instructor": 4, "course": 24}}, {"model": "targets.experience", "pk": 17, "fields": {"name": "Now is the time", "instructor": 4, "course": 24}}, {"model": "targets.goal", "pk": 19, "fields": {"name": "Good and me and be and whow and adndndndndndnd", "instructor": 4, "course": 24}}, {"model": "targets.goal", "pk": 20, "fields": {"name": "What and me and you", "instructor": 4, "course": 24}}, {"model": "targets.goal", "pk": 25, "fields": {"name": "Learn everything you need to ace difficult coding interviews", "instructor": 2, "course": 25}}, {"model": "targets.goal", "pk": 26, "fields": {"name": "Django", "instructor": 3, "course": 27}}, {"model": "targets.goal", "pk": 27, "fields": {"name": "Master dozens of popular algorithms, including 6 sorting algorithms!", "instructor": 2, "course": 25}}, {"model": "targets.goal", "pk": 28, "fields": {"name": "Implement 10+ data structures from scratch", "instructor": 2, "course": 25}}, {"model": "targets.goal", "pk": 29, "fields": {"name": "Improve your problem solving skills and become a stronger developer", "instructor": 2, "course": 25}}, {"model": "targets.goal", "pk": 39, "fields": {"name": "Good man and good", "instructor": 4, "course": 24}}, {"model": "targets.goal", "pk": 49, "fields": {"name": "Gooald", "instructor": 4, "course": 24}}, {"model": "targets.goal", "pk": 50, "fields": {"name": "Good and man", "instructor": 4, "course": 24}}, {"model": "targets.goal", "pk": 51, "fields": {"name": "Get it man", "instructor": 4, "course": 24}}, {"model": "targets.requirement", "pk": 11, "fields": {"name": "Fundamentals HTML", "instructor": 2, "course": 25}}, {"model": "targets.requirement", "pk": 12, "fields": {"name": "Know how program Javascriopt", "instructor": 3, "course": 27}}, {"model": "targets.requirement", "pk": 36, "fields": {"name": "Whatever", "instructor": 4, "course": 24}}, {"model": "targets.requirement", "pk": 37, "fields": {"name": "Good and bad", "instructor": 4, "course": 24}}, {"model": "pricing.pricing", "pk": 1, "fields": {"amount": "300", "currency": "USD", "course": 24, "instructor": 4}}, {"model": "pricing.pricing", "pk": 2, "fields": {"amount": "300", "currency": "USD", "course": 25, "instructor": 3}}, {"model": "pricing.projectpricing", "pk": 1, "fields": {"amount": "50", "currency": "USD", "project": 5, "instructor": 4}}, {"model": "pricing.projectpricing", "pk": 2, "fields": {"amount": "200", "currency": "USD", "project": 9, "instructor": 4}}, {"model": "billing.billingprofile", "pk": 23, "fields": {"user": 12, "email": "akrahsam@gmail.com", "full_name": null, "active": true, "update": "2021-08-08T21:28:18.621Z", "timestamp": "2021-08-08T21:28:18.621Z", "customer_id": null}}, {"model": "billing.billingprofile", "pk": 25, "fields": {"user": 18, "email": "readuceai@gmail.com", "full_name": null, "active": true, "update": "2021-08-20T05:32:46.650Z", "timestamp": "2021-08-20T05:32:46.650Z", "customer_id": null}}, {"model": "categories.category", "pk": 1, "fields": {"parent": 7, "title": "GraphQL", "slug": "graphql", "active": true, "timestamp": "2021-06-15T16:16:36.405Z", "updated": "2021-08-17T18:02:22.303Z"}}, {"model": "categories.category", "pk": 2, "fields": {"parent": null, "title": "Javascript", "slug": "javascript", "active": true, "timestamp": "2021-06-15T16:16:47.336Z", "updated": "2021-06-15T16:16:47.336Z"}}, {"model": "categories.category", "pk": 3, "fields": {"parent": null, "title": "Python", "slug": "python", "active": true, "timestamp": "2021-06-15T16:16:53.697Z", "updated": "2021-06-15T16:16:53.697Z"}}, {"model": "categories.category", "pk": 4, "fields": {"parent": null, "title": "Machine Learning", "slug": "machine-learning", "active": true, "timestamp": "2021-06-15T16:17:01.051Z", "updated": "2021-06-15T16:17:01.051Z"}}, {"model": "categories.category", "pk": 5, "fields": {"parent": 2, "title": "React", "slug": "react", "active": true, "timestamp": "2021-06-15T16:17:11.966Z", "updated": "2021-07-23T21:13:25.621Z"}}, {"model": "categories.category", "pk": 6, "fields": {"parent": 3, "title": "Django", "slug": "django", "active": true, "timestamp": "2021-06-15T16:17:23.296Z", "updated": "2021-07-23T21:13:57.647Z"}}, {"model": "categories.category", "pk": 7, "fields": {"parent": 8, "title": "API Development", "slug": "api-development", "active": true, "timestamp": "2021-08-17T18:02:15.472Z", "updated": "2021-08-17T18:03:18.414Z"}}, {"model": "categories.category", "pk": 8, "fields": {"parent": null, "title": "Web Services", "slug": "web-services", "active": true, "timestamp": "2021-08-17T18:03:15.631Z", "updated": "2021-08-17T18:03:15.631Z"}}, {"model": "project_categories.projectcategory", "pk": 1, "fields": {"parent": null, "title": "Streaming Service", "slug": "streaming-service", "active": true, "timestamp": "2021-08-09T14:38:42.308Z", "updated": "2021-08-09T14:38:42.308Z"}}, {"model": "project_categories.projectcategory", "pk": 2, "fields": {"parent": null, "title": "Chats Applications", "slug": "chats-applications", "active": true, "timestamp": "2021-08-09T14:39:05.349Z", "updated": "2021-08-09T14:39:05.349Z"}}, {"model": "project_categories.projectcategory", "pk": 3, "fields": {"parent": null, "title": "Ride Hailing Apps", "slug": "ride-hailing-apps", "active": true, "timestamp": "2021-08-09T14:39:17.497Z", "updated": "2021-08-09T14:39:17.497Z"}}, {"model": "project_categories.projectcategory", "pk": 4, "fields": {"parent": null, "title": "Machine Learning", "slug": "machine-learning", "active": true, "timestamp": "2021-08-09T14:39:28.517Z", "updated": "2021-08-09T14:39:28.517Z"}}, {"model": "marketing.marketingpreference", "pk": 1, "fields": {"user": 1, "subscribed": true, "mailchimp_subscribed": true, "mailchimp_msg": null, "timestamp": "2021-06-15T03:05:22.240Z", "updated": "2021-06-15T03:05:22.241Z"}}, {"model": "marketing.marketingpreference", "pk": 12, "fields": {"user": 12, "subscribed": true, "mailchimp_subscribed": true, "mailchimp_msg": null, "timestamp": "2021-07-07T01:11:25.126Z", "updated": "2021-07-07T01:11:25.126Z"}}, {"model": "marketing.marketingpreference", "pk": 14, "fields": {"user": 14, "subscribed": true, "mailchimp_subscribed": true, "mailchimp_msg": null, "timestamp": "2021-07-08T20:31:54.187Z", "updated": "2021-07-08T20:31:54.187Z"}}, {"model": "marketing.marketingpreference", "pk": 15, "fields": {"user": 15, "subscribed": true, "mailchimp_subscribed": true, "mailchimp_msg": null, "timestamp": "2021-07-09T15:22:18.250Z", "updated": "2021-07-09T15:22:18.250Z"}}, {"model": "marketing.marketingpreference", "pk": 16, "fields": {"user": 16, "subscribed": true, "mailchimp_subscribed": true, "mailchimp_msg": null, "timestamp": "2021-07-27T18:36:58.846Z", "updated": "2021-07-27T18:36:58.846Z"}}, {"model": "marketing.marketingpreference", "pk": 18, "fields": {"user": 18, "subscribed": true, "mailchimp_subscribed": true, "mailchimp_msg": null, "timestamp": "2021-08-20T05:32:46.653Z", "updated": "2021-08-20T05:32:46.653Z"}}, {"model": "carts.cart", "pk": 37, "fields": {"user": 16, "subtotal": "500.00", "total": "540.00", "updated": "2021-08-19T00:02:01.209Z", "timestamp": "2021-08-17T20:54:17.998Z", "projects": [1]}}, {"model": "carts.cart", "pk": 39, "fields": {"user": 18, "subtotal": "0.00", "total": "0.00", "updated": "2021-08-20T05:55:59.322Z", "timestamp": "2021-08-20T05:55:59.322Z", "projects": []}}, {"model": "carts.cart", "pk": 40, "fields": {"user": 18, "subtotal": "0.00", "total": "0.00", "updated": "2021-08-20T06:09:02.532Z", "timestamp": "2021-08-20T06:09:02.532Z", "projects": []}}, {"model": "instructors.instructor", "pk": 2, "fields": {"user": 1, "first_name": "Samuel", "last_name": "Akrah", "description": "Lorem Ipsum is simply dummy text of the printing and typesetting industry. Lorem Ipsum has been the industry's standard dummy text ever since the 1500s, when an unknown printer took a galley of type and scrambled it to make a type specimen book. It has survived not only five centuries, but also the leap into electronic typesetting, remaining essentially unchanged. It was popularised in the 1960s with the release of Letraset sheets containing Lorem Ipsum passages, and more recently with desktop publishing software like Aldus PageMaker including versions of Lorem Ipsum.", "avatar": "https://cdn.filestackcontent.com/SqV08CFRCCB5m1g823Xd", "headline": "Software Developer, Solutions Architect", "email": null, "phone": "+12183910841", "view": true}}, {"model": "instructors.instructor", "pk": 3, "fields": {"user": 12, "first_name": "Samuel", "last_name": "Akrah", "description": "<p>It is a long established fact that a reader will be distracted by the readable content of a page when looking at its layout. The point of using Lorem Ipsum is that it has a more-or-less normal distribution of letters, as opposed to using &#39;Content here, content here&#39;, making it look like readable English. Many desktop publishing packages and web page editors now use Lorem Ipsum as their default model text, and a search for &#39;lorem ipsum&#39; will uncover many web sites still in their infancy. Various versions have evolved over the years, sometimes by accident, sometimes on purpose (injected humour and the like). ddkdkdkd</p>\n<p></p>", "avatar": "https://cdn.filestackcontent.com/SqV08CFRCCB5m1g823Xd", "headline": "Engineer at Codefluent Lead", "email": null, "phone": "", "view": true}}, {"model": "instructors.instructor", "pk": 4, "fields": {"user": 16, "first_name": "Samuel", "last_name": "Akrah", "description": "<p>It is a long established fact that a reader will be distracted by the readable content of a page when looking at its layout. The point of using Lorem Ipsum is that it has a more-or-less normal distribution of letters, as opposed to using &#39;Content here, content here&#39;, making it look like readable English. Many desktop publishing packages and web page editors now use Lorem Ipsum as their default model text, and a search for &#39;lorem ipsum&#39; will uncover many web sites still in their infancy. Various versions have evolved over the years, sometimes by accident, sometimes on purpose (injected humour and the like).</p>", "avatar": "https://cdn.filestackcontent.com/90mSeuRb6fl4NLT5neJQ", "headline": "Software Engineer", "email": null, "phone": "", "view": true}}, {"model": "accounts.profile", "pk": 1, "fields": {"user": 1, "first_name": null, "last_name": null, "phone": null, "birthday": null}}, {"model": "accounts.profile", "pk": 12, "fields": {"user": 12, "first_name": null, "last_name": null, "phone": null, "birthday": null}}, {"model": "accounts.profile", "pk": 14, "fields": {"user": 14, "first_name": null, "last_name": null, "phone": null, "birthday": null}}, {"model": "accounts.profile", "pk": 15, "fields": {"user": 15, "first_name": null, "last_name": null, "phone": null, "birthday": null}}, {"model": "accounts.profile", "pk": 16, "fields": {"user": 16, "first_name": null, "last_name": null, "phone": null, "birthday": null}}, {"model": "accounts.profile", "pk": 18, "fields": {"user": 18, "first_name": null, "last_name": null, "phone": null, "birthday": null}}, {"model": "reviews.reviewrating", "pk": 1, "fields": {"course": 1, "user": 1, "rating": 2.5, "review": "Things aint that good", "created_at": "2021-06-21T02:37:38.530Z", "updated_at": "2021-06-21T02:40:37.936Z"}}, {"model": "orders.order", "pk": 17, "fields": {"billing_profile": 23, "order_id": "70yq3wnf5x", "cart": null, "address": null, "address_final": null, "status": "paid", "total": "43.00", "active": true, "updated": "2021-08-11T16:28:20.370Z", "timestamp": "2021-08-11T16:28:20.364Z"}}, {"model": "orders.projectorder", "pk": 4, "fields": {"order_id": "70yq3wnf5x", "billing_profile": 23, "project": 1, "refunded": false, "updated": "2021-08-11T16:28:20.377Z", "timestamp": "2021-08-11T16:28:20.377Z"}}, {"model": "files.coursefile", "pk": 33, "fields": {"course": 24, "name": "3___setup_subdomain_nameservers_in_route_53.mp4", "key": "KQAVJGqRQoShf9Ykpx7K", "filetype": "video/mp4", "uploaded": false, "active": true, "size": null, "duration": null, "updated": "2021-07-29T22:45:08.372Z", "timestamp": "2021-07-29T22:45:08.372Z"}}, {"model": "files.coursefile", "pk": 34, "fields": {"course": 24, "name": "E2.jpg", "key": "qTbTyDcgT9HpKRnbBCfQ", "filetype": "image/jpeg", "uploaded": false, "active": true, "size": null, "duration": null, "updated": "2021-07-29T22:45:08.377Z", "timestamp": "2021-07-29T22:45:08.377Z"}}, {"model": "files.coursefile", "pk": 35, "fields": {"course": 24, "name": "E3.jpg", "key": "jm3d101PRgabxsu3by8U", "filetype": "image/jpeg", "uploaded": false, "active": true, "size": null, "duration": null, "updated": "2021-07-29T22:45:08.381Z", "timestamp": "2021-07-29T22:45:08.381Z"}}, {"model": "files.coursefile", "pk": 36, "fields": {"course": 24, "name": "favicon.ico", "key": "z02wgLKOQtaLUk0Q5vFT", "filetype": "image/vnd.microsoft.icon", "uploaded": false, "active": true, "size": null, "duration": null, "updated": "2021-07-30T02:34:44.245Z", "timestamp": "2021-07-30T02:34:44.245Z"}}, {"model": "files.coursefile", "pk": 37, "fields": {"course": 24, "name": "avatar-1.png", "key": "mUgEyDqRYSgsjG37PTXL", "filetype": "image/png", "uploaded": false, "active": true, "size": null, "duration": null, "updated": "2021-07-30T03:23:11.795Z", "timestamp": "2021-07-30T03:23:11.795Z"}}, {"model": "files.coursefile", "pk": 38, "fields": {"course": 24, "name": "avatar.png", "key": "jPVdkrL6TASqthgKsOCA", "filetype": "image/png", "uploaded": false, "active": true, "size": null, "duration": null, "updated": "2021-07-30T03:23:11.797Z", "timestamp": "2021-07-30T03:23:11.797Z"}}, {"model": "files.coursefile", "pk": 39, "fields": {"course": 24, "name": "88 (1).png", "key": "bRzRulRnSyGfTnaTMPTV", "filetype": "image/png", "uploaded": false, "active": true, "size": null, "duration": null, "updated": "2021-07-30T03:23:11.793Z", "timestamp": "2021-07-30T03:23:11.793Z"}}, {"model": "files.coursefile", "pk": 40, "fields": {"course": 24, "name": "bg-show-hover.png", "key": "eNEE7iDRjCsSrgfSr0QQ", "filetype": "image/png", "uploaded": false, "active": true, "size": null, "duration": null, "updated": "2021-07-30T03:40:06.118Z", "timestamp": "2021-07-30T03:40:06.118Z"}}, {"model": "files.coursefile", "pk": 41, "fields": {"course": 24, "name": "black.png", "key": "0h8zW9DcSGqDATAYkxpU", "filetype": "image/png", "uploaded": false, "active": true, "size": null, "duration": null, "updated": "2021-07-30T03:40:06.127Z", "timestamp": "2021-07-30T03:40:06.127Z"}}, {"model": "files.coursefile", "pk": 42, "fields": {"course": 24, "name": "bg-show.png", "key": "fNXPu0nbR165jkpdk3ml", "filetype": "image/png", "uploaded": false, "active": true, "size": null, "duration": null, "updated": "2021-07-30T03:40:06.126Z", "timestamp": "2021-07-30T03:40:06.126Z"}}, {"model": "files.coursefile", "pk": 43, "fields": {"course": 24, "name": "E2.jpg", "key": "CzwXlq51SWWVQ7JgTH3W", "filetype": "image/jpeg", "uploaded": false, "active": true, "size": null, "duration": null, "updated": "2021-07-30T03:45:30.210Z", "timestamp": "2021-07-30T03:45:30.210Z"}}, {"model": "files.coursefile", "pk": 44, "fields": {"course": 24, "name": "E3.jpg", "key": "BU7OjEDdSsGcXwUqx9WJ", "filetype": "image/jpeg", "uploaded": false, "active": true, "size": null, "duration": null, "updated": "2021-07-30T03:45:30.222Z", "timestamp": "2021-07-30T03:45:30.222Z"}}, {"model": "files.coursefile", "pk": 45, "fields": {"course": 24, "name": "bg-show-hover.png", "key": "dqyI6SuHTcGiMEbkZze8", "filetype": "image/png", "uploaded": false, "active": true, "size": null, "duration": null, "updated": "2021-07-30T03:45:30.227Z", "timestamp": "2021-07-30T03:45:30.227Z"}}, {"model": "files.coursefile", "pk": 46, "fields": {"course": 24, "name": "favicon.ico", "key": "6XBKGccGS4mIbfE3FXXH", "filetype": "image/vnd.microsoft.icon", "uploaded": false, "active": true, "size": null, "duration": null, "updated": "2021-07-30T03:45:30.225Z", "timestamp": "2021-07-30T03:45:30.225Z"}}, {"model": "files.coursefile", "pk": 47, "fields": {"course": 24, "name": "E2.jpg", "key": "g6Gym1S3mOWzxzSYlluQ", "filetype": "image/jpeg", "uploaded": false, "active": true, "size": null, "duration": null, "updated": "2021-07-30T03:50:29.012Z", "timestamp": "2021-07-30T03:50:29.012Z"}}, {"model": "files.coursefile", "pk": 48, "fields": {"course": 24, "name": "bg-show.png", "key": "INoL8H9gQZyJ9NVwa4sU", "filetype": "image/png", "uploaded": false, "active": true, "size": null, "duration": null, "updated": "2021-07-30T03:50:29.013Z", "timestamp": "2021-07-30T03:50:29.013Z"}}, {"model": "files.coursefile", "pk": 49, "fields": {"course": 24, "name": "favicon.ico", "key": "ZJwCiZdRK28H8v1jrmZZ", "filetype": "image/vnd.microsoft.icon", "uploaded": false, "active": true, "size": null, "duration": null, "updated": "2021-07-30T03:50:29.019Z", "timestamp": "2021-07-30T03:50:29.019Z"}}, {"model": "files.coursefile", "pk": 50, "fields": {"course": 24, "name": "bg-show-hover.png", "key": "5KuJishRRCSV8hn2SauI", "filetype": "image/png", "uploaded": false, "active": true, "size": null, "duration": null, "updated": "2021-07-30T03:50:29.015Z", "timestamp": "2021-07-30T03:50:29.015Z"}}, {"model": "files.coursefile", "pk": 51, "fields": {"course": 24, "name": "E3.jpg", "key": "X3QLbDc4TiWRbmxEgPhj", "filetype": "image/jpeg", "uploaded": false, "active": true, "size": null, "duration": null, "updated": "2021-07-30T03:50:29.027Z", "timestamp": "2021-07-30T03:50:29.027Z"}}, {"model": "files.coursefile", "pk": 52, "fields": {"course": 24, "name": "E3.jpg", "key": "Tqn7KQEFSXCovpvfyfrF", "filetype": "image/jpeg", "uploaded": false, "active": true, "size": null, "duration": null, "updated": "2021-07-30T03:53:48.691Z", "timestamp": "2021-07-30T03:53:48.691Z"}}, {"model": "files.coursefile", "pk": 53, "fields": {"course": 24, "name": "favicon.ico", "key": "XgRu4R2nSg6yRIFmQd1r", "filetype": "image/vnd.microsoft.icon", "uploaded": false, "active": true, "size": null, "duration": null, "updated": "2021-07-30T03:53:48.695Z", "timestamp": "2021-07-30T03:53:48.695Z"}}, {"model": "files.coursefile", "pk": 54, "fields": {"course": 24, "name": "E2.jpg", "key": "MLEjq8CQxCCEElmYFU4Q", "filetype": "image/jpeg", "uploaded": false, "active": true, "size": null, "duration": null, "updated": "2021-07-30T03:53:48.697Z", "timestamp": "2021-07-30T03:53:48.697Z"}}, {"model": "files.coursefile", "pk": 55, "fields": {"course": 24, "name": "E 1.jpg", "key": "rhRjvJpTRx2M4XxHVcdA", "filetype": "image/jpeg", "uploaded": false, "active": true, "size": null, "duration": null, "updated": "2021-07-30T04:14:28.783Z", "timestamp": "2021-07-30T04:14:28.783Z"}}, {"model": "files.coursefile", "pk": 56, "fields": {"course": 24, "name": "hero-bg.jpg", "key": "MQRAsl3VTBuXkWgeLAR2", "filetype": "image/jpeg", "uploaded": false, "active": true, "size": null, "duration": null, "updated": "2021-07-30T04:14:28.790Z", "timestamp": "2021-07-30T04:14:28.790Z"}}, {"model": "files.coursefile", "pk": 57, "fields": {"course": 24, "name": "hero-bg.jpeg", "key": "qxaPg0FqR4qZxjvdSypa", "filetype": "image/jpeg", "uploaded": false, "active": true, "size": null, "duration": null, "updated": "2021-07-30T04:14:28.792Z", "timestamp": "2021-07-30T04:14:28.792Z"}}, {"model": "files.coursefile", "pk": 58, "fields": {"course": 24, "name": "E 1.jpg", "key": "gINPkPDJRe27MFvsM6LA", "filetype": "image/jpeg", "uploaded": false, "active": true, "size": null, "duration": null, "updated": "2021-07-30T04:16:46.032Z", "timestamp": "2021-07-30T04:16:46.032Z"}}, {"model": "files.coursefile", "pk": 59, "fields": {"course": 24, "name": "hero-bg.jpg", "key": "XHEccAxQgC6ZAsYHqARw", "filetype": "image/jpeg", "uploaded": false, "active": true, "size": null, "duration": null, "updated": "2021-07-30T04:16:46.038Z", "timestamp": "2021-07-30T04:16:46.038Z"}}, {"model": "files.coursefile", "pk": 60, "fields": {"course": 24, "name": "hero-bg.jpeg", "key": "UMzxJGUSqSAvY7rhJq1A", "filetype": "image/jpeg", "uploaded": false, "active": true, "size": null, "duration": null, "updated": "2021-07-30T04:16:46.037Z", "timestamp": "2021-07-30T04:16:46.037Z"}}, {"model": "files.coursefile", "pk": 61, "fields": {"course": 24, "name": "3___setup_subdomain_nameservers_in_route_53.mp4", "key": "twyie8TBTlK4PFSRdWlN", "filetype": "video/mp4", "uploaded": false, "active": true, "size": "7278849.0000", "duration": null, "updated": "2021-07-30T04:19:58.560Z", "timestamp": "2021-07-30T04:19:58.560Z"}}, {"model": "files.coursefile", "pk": 62, "fields": {"course": 24, "name": "E3.jpg", "key": "LChbdErRta04rjt3DrDd", "filetype": "image/jpeg", "uploaded": false, "active": true, "size": null, "duration": null, "updated": "2021-07-30T04:22:00.860Z", "timestamp": "2021-07-30T04:22:00.860Z"}}, {"model": "files.coursefile", "pk": 63, "fields": {"course": 24, "name": "E2.jpg", "key": "d24hc5VRT8i1xNa414iQ", "filetype": "image/jpeg", "uploaded": false, "active": true, "size": null, "duration": null, "updated": "2021-07-30T04:22:00.870Z", "timestamp": "2021-07-30T04:22:00.870Z"}}, {"model": "files.coursefile", "pk": 64, "fields": {"course": 24, "name": "88 (1).png", "key": "JPDkbFtwQgGZyXCFolea", "filetype": "image/png", "uploaded": false, "active": true, "size": null, "duration": null, "updated": "2021-07-30T04:38:16.954Z", "timestamp": "2021-07-30T04:38:16.954Z"}}, {"model": "files.coursefile", "pk": 65, "fields": {"course": 24, "name": "avatar-1.png", "key": "0cF86CDmTRslP9K21fgR", "filetype": "image/png", "uploaded": false, "active": true, "size": null, "duration": null, "updated": "2021-07-30T04:38:16.965Z", "timestamp": "2021-07-30T04:38:16.965Z"}}, {"model": "files.coursefile", "pk": 66, "fields": {"course": 24, "name": "DUCED.png", "key": "VvDJjiaWREKvfiLhgkDr", "filetype": "image/png", "uploaded": false, "active": true, "size": null, "duration": null, "updated": "2021-07-30T04:48:28.270Z", "timestamp": "2021-07-30T04:48:28.270Z"}}, {"model": "files.coursefile", "pk": 67, "fields": {"course": 24, "name": "bg-close.png", "key": "PEOnn2eMRCi6knKnwVff", "filetype": "image/png", "uploaded": false, "active": true, "size": null, "duration": null, "updated": "2021-07-30T04:48:28.273Z", "timestamp": "2021-07-30T04:48:28.273Z"}}, {"model": "files.coursefile", "pk": 68, "fields": {"course": 24, "name": "avatar.png", "key": "jZ16SLCCQDuVObKZetqw", "filetype": "image/png", "uploaded": false, "active": true, "size": null, "duration": null, "updated": "2021-07-30T04:48:28.280Z", "timestamp": "2021-07-30T04:48:28.280Z"}}, {"model": "files.coursefile", "pk": 69, "fields": {"course": 24, "name": "bg-show.png", "key": "bJHTjf8fRZGZSmqiu9x8", "filetype": "image/png", "uploaded": false, "active": true, "size": null, "duration": null, "updated": "2021-07-30T04:50:24.175Z", "timestamp": "2021-07-30T04:50:24.175Z"}}, {"model": "files.coursefile", "pk": 70, "fields": {"course": 24, "name": "E3.jpg", "key": "6ToTBYtOTZipwlafeJbE", "filetype": "image/jpeg", "uploaded": false, "active": true, "size": null, "duration": null, "updated": "2021-07-30T04:50:24.174Z", "timestamp": "2021-07-30T04:50:24.174Z"}}, {"model": "files.coursefile", "pk": 71, "fields": {"course": 24, "name": "bg-show-hover.png", "key": "lkFMkAsTpCjfvTZaOeT5", "filetype": "image/png", "uploaded": false, "active": true, "size": null, "duration": null, "updated": "2021-07-30T04:50:24.196Z", "timestamp": "2021-07-30T04:50:24.196Z"}}, {"model": "files.coursefile", "pk": 72, "fields": {"course": 24, "name": "E3.jpg", "key": "FUcOEH0jQCSV9hpHn4pX", "filetype": "image/jpeg", "uploaded": false, "active": true, "size": null, "duration": null, "updated": "2021-07-30T04:52:57.499Z", "timestamp": "2021-07-30T04:52:57.499Z"}}, {"model": "files.coursefile", "pk": 73, "fields": {"course": 24, "name": "bg-show.png", "key": "jKMTICKnRBq5beK9abR7", "filetype": "image/png", "uploaded": false, "active": true, "size": null, "duration": null, "updated": "2021-07-30T04:52:57.501Z", "timestamp": "2021-07-30T04:52:57.501Z"}}, {"model": "files.coursefile", "pk": 74, "fields": {"course": 24, "name": "E2.jpg", "key": "nLdstaAoRSyoFDAzGLdc", "filetype": "image/jpeg", "uploaded": false, "active": true, "size": null, "duration": null, "updated": "2021-07-30T04:52:57.509Z", "timestamp": "2021-07-30T04:52:57.509Z"}}, {"model": "files.coursefile", "pk": 75, "fields": {"course": 24, "name": "avatar-photo.png", "key": "QRBSMUcKRTqv1bPyk6Ye", "filetype": "image/png", "uploaded": false, "active": true, "size": null, "duration": null, "updated": "2021-07-30T04:53:26.984Z", "timestamp": "2021-07-30T04:53:26.984Z"}}, {"model": "files.coursefile", "pk": 76, "fields": {"course": 24, "name": "88 (1).png", "key": "YTETDhHTQHK6B1jTRWt1", "filetype": "image/png", "uploaded": false, "active": true, "size": null, "duration": null, "updated": "2021-07-30T04:53:26.989Z", "timestamp": "2021-07-30T04:53:26.989Z"}}, {"model": "files.coursefile", "pk": 77, "fields": {"course": 24, "name": "avatar-1.png", "key": "LwG0Do5QHE6Vnu0nyGTA", "filetype": "image/png", "uploaded": false, "active": true, "size": null, "duration": null, "updated": "2021-07-30T04:53:26.990Z", "timestamp": "2021-07-30T04:53:26.990Z"}}, {"model": "files.coursefile", "pk": 78, "fields": {"course": 24, "name": "3___setup_subdomain_nameservers_in_route_53.mp4", "key": "usc38dWwTkCI7ceriWgG", "filetype": "video/mp4", "uploaded": false, "active": true, "size": "7278849.0000", "duration": null, "updated": "2021-07-30T04:55:05.084Z", "timestamp": "2021-07-30T04:55:05.084Z"}}, {"model": "files.coursefile", "pk": 79, "fields": {"course": 24, "name": "DUCED.png", "key": "rcrHZmCQrmWV83mN0EF9", "filetype": "image/png", "uploaded": false, "active": true, "size": null, "duration": null, "updated": "2021-07-30T04:55:38.928Z", "timestamp": "2021-07-30T04:55:38.928Z"}}, {"model": "files.coursefile", "pk": 80, "fields": {"course": 24, "name": "bg-header.png", "key": "2gy2UqU2Qa6CbVyvhu8Y", "filetype": "image/png", "uploaded": false, "active": true, "size": null, "duration": null, "updated": "2021-07-30T04:55:38.930Z", "timestamp": "2021-07-30T04:55:38.930Z"}}, {"model": "files.coursefile", "pk": 81, "fields": {"course": 24, "name": "d_logogradient_march_2021_37739b4e.jpeg", "key": "stglwrTQqqPIFniaXjgg", "filetype": "image/jpeg", "uploaded": false, "active": true, "size": null, "duration": null, "updated": "2021-07-30T04:56:00.021Z", "timestamp": "2021-07-30T04:56:00.021Z"}}, {"model": "files.coursefile", "pk": 82, "fields": {"course": 24, "name": "E2.jpg", "key": "oSzBV7dzQ3u6cP1vg6Fv", "filetype": "image/jpeg", "uploaded": false, "active": true, "size": null, "duration": null, "updated": "2021-07-30T16:01:17.719Z", "timestamp": "2021-07-30T16:01:17.719Z"}}, {"model": "files.coursefile", "pk": 83, "fields": {"course": 24, "name": "favicon.ico", "key": "Bf1sAuzaRROUq8GgJ5BZ", "filetype": "image/vnd.microsoft.icon", "uploaded": false, "active": true, "size": null, "duration": null, "updated": "2021-07-30T16:01:17.735Z", "timestamp": "2021-07-30T16:01:17.735Z"}}, {"model": "files.coursefile", "pk": 84, "fields": {"course": 24, "name": "E3.jpg", "key": "crTy1JOTuK5b90thnTaA", "filetype": "image/jpeg", "uploaded": false, "active": true, "size": null, "duration": null, "updated": "2021-07-30T16:01:17.738Z", "timestamp": "2021-07-30T16:01:17.738Z"}}, {"model": "files.coursefile", "pk": 85, "fields": {"course": 24, "name": "bg-show-hover.png", "key": "CEDnTjNSS6G84xqzbina", "filetype": "image/png", "uploaded": false, "active": true, "size": null, "duration": null, "updated": "2021-07-30T16:19:34.349Z", "timestamp": "2021-07-30T16:19:34.349Z"}}, {"model": "files.coursefile", "pk": 86, "fields": {"course": 24, "name": "E3.jpg", "key": "IKrWYWj6TGIXMd0oa7ch", "filetype": "image/jpeg", "uploaded": false, "active": true, "size": null, "duration": null, "updated": "2021-07-30T16:19:34.358Z", "timestamp": "2021-07-30T16:19:34.358Z"}}, {"model": "files.coursefile", "pk": 87, "fields": {"course": 24, "name": "E2.jpg", "key": "qiiyUKDORdyMpvpPWhhI", "filetype": "image/jpeg", "uploaded": false, "active": true, "size": null, "duration": null, "updated": "2021-07-30T16:19:34.364Z", "timestamp": "2021-07-30T16:19:34.364Z"}}, {"model": "files.coursefile", "pk": 88, "fields": {"course": 24, "name": "bg-show-hover.png", "key": "I3enWddQQ4ShnTHAmnS0", "filetype": "image/png", "uploaded": false, "active": true, "size": null, "duration": null, "updated": "2021-07-30T16:57:12.826Z", "timestamp": "2021-07-30T16:57:12.826Z"}}, {"model": "files.coursefile", "pk": 89, "fields": {"course": 24, "name": "bg-show.png", "key": "OGIFS0ZdTp6GKHTMIjgs", "filetype": "image/png", "uploaded": false, "active": true, "size": null, "duration": null, "updated": "2021-07-30T16:57:12.827Z", "timestamp": "2021-07-30T16:57:12.827Z"}}, {"model": "files.coursefile", "pk": 90, "fields": {"course": 24, "name": "E2.jpg", "key": "GWF3eXUJR9mry4FVTbzE", "filetype": "image/jpeg", "uploaded": false, "active": true, "size": null, "duration": null, "updated": "2021-07-30T16:57:12.833Z", "timestamp": "2021-07-30T16:57:12.833Z"}}, {"model": "files.coursefile", "pk": 91, "fields": {"course": 24, "name": "E3.jpg", "key": "p8gsseQ7SRiQlnFCo7Sl", "filetype": "image/jpeg", "uploaded": false, "active": true, "size": null, "duration": null, "updated": "2021-07-30T16:57:12.844Z", "timestamp": "2021-07-30T16:57:12.844Z"}}, {"model": "files.coursefile", "pk": 92, "fields": {"course": 24, "name": "1. Queries, Using GraphiQL, GraphQL compared to REST.mp4", "key": "1JFSfC6vTMaFbCynC4Bp", "filetype": "video/mp4", "uploaded": false, "active": true, "size": "9390757.0000", "duration": null, "updated": "2021-07-30T16:58:38.825Z", "timestamp": "2021-07-30T16:58:38.825Z"}}, {"model": "files.coursefile", "pk": 93, "fields": {"course": 24, "name": "1. Queries, Using GraphiQL, GraphQL compared to REST.mp4", "key": "olYjQmGYSWZniCXoiXS7", "filetype": "video/mp4", "uploaded": false, "active": true, "size": "9390757.0000", "duration": null, "updated": "2021-07-30T18:16:39.495Z", "timestamp": "2021-07-30T18:16:39.495Z"}}, {"model": "files.coursefile", "pk": 94, "fields": {"course": 24, "name": "1. Queries, Using GraphiQL, GraphQL compared to REST.mp4", "key": "SYHCLE6uSmOjAxzPtYqO", "filetype": "video/mp4", "uploaded": false, "active": true, "size": "9390757.0000", "duration": null, "updated": "2021-07-30T18:20:13.098Z", "timestamp": "2021-07-30T18:20:13.098Z"}}, {"model": "files.coursefile", "pk": 95, "fields": {"course": 24, "name": "1. Queries, Using GraphiQL, GraphQL compared to REST.mp4", "key": "7jpVSRFCXrCXmfLBRvQs", "filetype": "video/mp4", "uploaded": false, "active": true, "size": "9390757.0000", "duration": null, "updated": "2021-07-30T18:30:51.148Z", "timestamp": "2021-07-30T18:30:51.148Z"}}, {"model": "files.coursefile", "pk": 96, "fields": {"course": 24, "name": "1. Queries, Using GraphiQL, GraphQL compared to REST.mp4", "key": "12aWM6j5TVyGBxWw6Ot1", "filetype": "video/mp4", "uploaded": false, "active": true, "size": "9390757.0000", "duration": null, "updated": "2021-07-30T18:32:51.861Z", "timestamp": "2021-07-30T18:32:51.861Z"}}, {"model": "files.coursefile", "pk": 97, "fields": {"course": 24, "name": "1. Queries, Using GraphiQL, GraphQL compared to REST.mp4", "key": "vtaLjqI0SH6c86SJtkCU", "filetype": "video/mp4", "uploaded": false, "active": true, "size": null, "duration": null, "updated": "2021-07-30T18:44:23.518Z", "timestamp": "2021-07-30T18:44:23.518Z"}}, {"model": "files.coursefile", "pk": 98, "fields": {"course": 24, "name": "Netflix_Logo_CMYK.png", "key": "lS3OSgMeT2ahELjIkvtv", "filetype": "image/png", "uploaded": false, "active": true, "size": null, "duration": null, "updated": "2021-07-30T19:06:41.198Z", "timestamp": "2021-07-30T19:06:41.198Z"}}, {"model": "files.coursefile", "pk": 99, "fields": {"course": 24, "name": "Netflix_Logo_CMYK.eps", "key": "m3Nlwa2sTvKnkHOJ4RnN", "filetype": "application/postscript", "uploaded": false, "active": true, "size": null, "duration": null, "updated": "2021-07-30T19:06:41.203Z", "timestamp": "2021-07-30T19:06:41.203Z"}}, {"model": "files.coursefile", "pk": 100, "fields": {"course": 24, "name": "Netflix_Logo_CMYK.psd", "key": "sJnUKAkyRimvnas9AcvX", "filetype": "image/vnd.adobe.photoshop", "uploaded": false, "active": true, "size": null, "duration": null, "updated": "2021-07-30T19:06:41.202Z", "timestamp": "2021-07-30T19:06:41.202Z"}}, {"model": "files.coursefile", "pk": 101, "fields": {"course": 25, "name": "1. What You Need for This Course.mp4", "key": "cbfkRBHeQa6mbFtm8Dtl", "filetype": "video/mp4", "uploaded": false, "active": true, "size": "7373496.0000", "duration": null, "updated": "2021-08-05T00:51:28.454Z", "timestamp": "2021-08-05T00:51:28.454Z"}}, {"model": "files.coursefile", "pk": 102, "fields": {"course": 25, "name": "hero-bg.jpeg", "key": "g6WRdxZThOZXOJ1It3kA", "filetype": "image/jpeg", "uploaded": false, "active": true, "size": null, "duration": null, "updated": "2021-08-05T00:52:15.139Z", "timestamp": "2021-08-05T00:52:15.139Z"}}, {"model": "files.coursefile", "pk": 103, "fields": {"course": 27, "name": "2. How to Get Most Out of This Course.mp4", "key": "TeS1q45TFCoOc6pXHvA2", "filetype": "video/mp4", "uploaded": false, "active": true, "size": "2303694.0000", "duration": null, "updated": "2021-08-05T01:35:43.583Z", "timestamp": "2021-08-05T01:35:43.583Z"}}, {"model": "files.coursefile", "pk": 104, "fields": {"course": 27, "name": "1. What You Need for This Course.vtt", "key": "ODLBflXTRX8zLoq8s1SA", "filetype": "text/vtt", "uploaded": false, "active": true, "size": null, "duration": null, "updated": "2021-08-05T01:35:55.358Z", "timestamp": "2021-08-05T01:35:55.358Z"}}, {"model": "files.coursefile", "pk": 105, "fields": {"course": 25, "name": "1. What You Need for This Course.mp4", "key": "QdSpO91tQ76TFkRO5Etg", "filetype": "video/mp4", "uploaded": false, "active": true, "size": "7373496.0000", "duration": null, "updated": "2021-08-10T03:33:24.711Z", "timestamp": "2021-08-10T03:33:24.711Z"}}, {"model": "files.coursefile", "pk": 106, "fields": {"course": 25, "name": "1. What You Need for This Course.mp4", "key": "ljqBS5WQOG3sDO0j2oEg", "filetype": "video/mp4", "uploaded": false, "active": true, "size": "7373496.0000", "duration": null, "updated": "2021-08-10T03:37:58.358Z", "timestamp": "2021-08-10T03:37:58.358Z"}}, {"model": "files.coursefile", "pk": 107, "fields": {"course": 25, "name": "1. What You Need for This Course.mp4", "key": "iS7xCXNrQp65vIKPeMHq", "filetype": "video/mp4", "uploaded": false, "active": true, "size": "7373496.0000", "duration": null, "updated": "2021-08-10T03:44:06.950Z", "timestamp": "2021-08-10T03:44:06.950Z"}}, {"model": "files.coursefile", "pk": 108, "fields": {"course": 25, "name": "1. Queries, Using GraphiQL, GraphQL compared to REST.mp4", "key": "2o6DlgnzT9qHmqJP0qGG", "filetype": "video/mp4", "uploaded": false, "active": true, "size": "9390757.0000", "duration": null, "updated": "2021-08-10T14:54:16.985Z", "timestamp": "2021-08-10T14:54:16.985Z"}}, {"model": "files.coursefile", "pk": 109, "fields": {"course": 25, "name": "2. GraphQL Type System  Schema, Object vs. Scalar Types, Arguments.mp4", "key": "NBMxSMflTMeijODlpcn0", "filetype": "video/mp4", "uploaded": false, "active": true, "size": "46026811.0000", "duration": null, "updated": "2021-08-10T14:57:04.531Z", "timestamp": "2021-08-10T14:57:04.531Z"}}, {"model": "files.coursefile", "pk": 110, "fields": {"course": 25, "name": "3. Mutations for Creating, Updating, Deleting Data in GraphQL.mp4", "key": "rT9JNEkSQ6lTT5xxeqTJ", "filetype": "video/mp4", "uploaded": false, "active": true, "size": "25887836.0000", "duration": null, "updated": "2021-08-10T14:58:33.721Z", "timestamp": "2021-08-10T14:58:33.721Z"}}, {"model": "files.coursefile", "pk": 111, "fields": {"course": 25, "name": "1. Hello World in Graphene.mp4", "key": "zdw2UtBlTqO59go7wn7h", "filetype": "video/mp4", "uploaded": false, "active": true, "size": "9169157.0000", "duration": null, "updated": "2021-08-10T15:00:35.078Z", "timestamp": "2021-08-10T15:00:35.078Z"}}, {"model": "files.coursefile", "pk": 112, "fields": {"course": 25, "name": "2. Syntax in Graphene  Snakecase vs Camelcase.mp4", "key": "DclQd71bSqWiddaLm2xx", "filetype": "video/mp4", "uploaded": false, "active": true, "size": "13150339.0000", "duration": null, "updated": "2021-08-10T15:15:23.205Z", "timestamp": "2021-08-10T15:15:23.205Z"}}, {"model": "files.coursefile", "pk": 113, "fields": {"course": 24, "name": "7. Storing Form State with useState.mp4", "key": "7TFDbvFuRDqMaj8CqMcu", "filetype": "video/mp4", "uploaded": false, "active": true, "size": "42530783.0000", "duration": null, "updated": "2021-08-19T02:18:45.607Z", "timestamp": "2021-08-19T02:18:45.607Z"}}, {"model": "files.coursefile", "pk": 114, "fields": {"course": 24, "name": "12. Using Apollo Client State to Manage Auth State.mp4", "key": "e78V6KINSWGX0Jtsb1xx", "filetype": "video/mp4", "uploaded": false, "active": true, "size": "58425119.0000", "duration": null, "updated": "2021-08-19T15:36:26.931Z", "timestamp": "2021-08-19T15:36:26.931Z"}}, {"model": "files.coursefile", "pk": 115, "fields": {"course": 24, "name": "1. Queries, Using GraphiQL, GraphQL compared to REST.mp4", "key": "xnlhmd04RsC6Xy9lOLkc", "filetype": "video/mp4", "uploaded": false, "active": true, "size": "9390757.0000", "duration": null, "updated": "2021-08-19T15:46:25.222Z", "timestamp": "2021-08-19T15:46:25.222Z"}}, {"model": "files.coursefile", "pk": 116, "fields": {"course": 24, "name": "2. GraphQL Type System  Schema, Object vs. Scalar Types, Arguments.mp4", "key": "VtCb6fElStyY1BbDzcyU", "filetype": "video/mp4", "uploaded": false, "active": true, "size": "46026811.0000", "duration": null, "updated": "2021-08-19T16:11:07.588Z", "timestamp": "2021-08-19T16:11:07.588Z"}}, {"model": "files.coursefile", "pk": 117, "fields": {"course": 24, "name": "3. Mutations for Creating, Updating, Deleting Data in GraphQL.mp4", "key": "MbIyTDUSXiVWLrMEDNKw", "filetype": "video/mp4", "uploaded": false, "active": true, "size": "25887836.0000", "duration": null, "updated": "2021-08-19T16:31:24.120Z", "timestamp": "2021-08-19T16:31:24.120Z"}}, {"model": "files.projectfile", "pk": 1, "fields": {"project": 2, "name": "d_logogradient_march_2021_37739b4e.jpeg", "key": "media/projects/2/files/1/d_logogradient_march_2021_37739b4e.jpeg", "filetype": "video/mp4", "uploaded": true, "active": true, "size": null, "duration": null, "updated": "2021-07-11T14:54:37.965Z", "timestamp": "2021-07-11T14:54:37.965Z"}}, {"model": "files.projectfile", "pk": 2, "fields": {"project": 1, "name": "d_logogradient_march_2021_37739b4e.jpeg", "key": "media/projects/2/files/1/d_logogradient_march_2021_37739b4e.jpeg", "filetype": "video/mp4", "uploaded": false, "active": true, "size": null, "duration": null, "updated": "2021-07-11T15:54:29.964Z", "timestamp": "2021-07-11T15:54:29.964Z"}}, {"model": "auths.userprofile", "pk": 2, "fields": {"user": 12, "avatar": "https://cdn.filestackcontent.com/5YzsWtx1TECu0Or3C2nA"}}, {"model": "auths.userprofile", "pk": 3, "fields": {"user": 16, "avatar": "https://cdn.filestackcontent.com/bNzD7VMFT9OiVsu9EvtS"}}, {"model": "auths.userprofile", "pk": 4, "fields": {"user": 1, "avatar": null}}, {"model": "auths.userprofile", "pk": 6, "fields": {"user": 18, "avatar": null}}]